﻿OID_,REGION_CODE,EPA_PROGRAM,EPA_ID,SITE_NAME,SITE_FEATURE_CLASS,SITE_FEATURE_TYPE,SITE_FEATURE_NUMBER,SITE_FEATURE_SEQUENCE,SITE_FEATURE_NAME,SITE_FEATURE_DESCRIPTION,NPL_STATUS_CODE,FEDERAL_FACILITY_DETER_CODE,LAST_CHANGE_DATE,ORIGINAL_CREATION_DATE,SITE_FEATURE_SOURCE,STREET_ADDR_TXT,ADDR_COMMENT,CITY_NAME,COUNTY,STATE_CODE,ZIP_CODE,SITE_CONTACT_NAME,PRIMARY_TELEPHONE_NUM,SITE_CONTACT_EMAIL,URL_ALIAS_TXT,FEATURE_INFO_URL,FEATURE_INFO_URL_DESC,CLEARED_PUBLIC_RELEASE,HORIZ_COLLECT_METH_CODE,TIER_ACCURACY_CODE,GIS_AREA,GIS_AREA_UNITS,Shape_Length,Shape_Area
1,01,Superfund Remedial,NHD980520225,SOMERSWORTH SANITARY LANDFILL,Operable Unit,Operable Unit Boundary,1,0,,,F,N,7/26/2019 0:00:00,7/26/2019 0:00:00,U.S EPA Region 1,BLACKWATER RD,,SOMERSWORTH,STRAFFORD,NH,03878,Gerardo Millan-Ramos,(617) 918-1377,millan-ramos.gerardo@epa.gov,www.epa.gov/superfund/somersworth,,,Y,20,4,422.153547087939614,Acres,0.043588477034276,0.000100421525560
2,01,Superfund Remedial,VTD988366571,ELY COPPER MINE,Operable Unit,Operable Unit Boundary,3,0,,,F,N,5/8/2019 0:00:00,5/8/2019 0:00:00,U.S EPA Region 1,TOWN HIGHWAY 38,,VERSHIRE,ORANGE,VT,05079,Ed Hathaway,(617) 918-1372,Hathaway.Ed@epa.gov,www.epa.gov/superfund/ely,,,Y,18,3,297.951754999999991,Acres,0.038504800033350,0.000070075413382
3,01,Superfund Remedial,VTD988366571,ELY COPPER MINE,Operable Unit,Operable Unit Boundary,2,0,,,F,N,5/8/2019 0:00:00,5/8/2019 0:00:00,U.S EPA Region 1,TOWN HIGHWAY 38,,VERSHIRE,ORANGE,VT,05079,Ed Hathaway,(617) 918-1372,Hathaway.Ed@epa.gov,www.epa.gov/superfund/ely,,,Y,18,3,37.302684999999997,Acres,0.014637913635567,0.000008773775294
4,01,Superfund Remedial,VTD988366571,ELY COPPER MINE,Operable Unit,Operable Unit Boundary,1,0,,,F,N,5/8/2019 0:00:00,5/8/2019 0:00:00,U.S EPA Region 1,TOWN HIGHWAY 38,,VERSHIRE,ORANGE,VT,05079,Ed Hathaway,(617) 918-1372,Hathaway.Ed@epa.gov,www.epa.gov/superfund/ely,,,Y,18,3,252.143637000000012,Acres,0.031051594965054,0.000059310482867
5,01,Superfund Remedial,VTD988366571,ELY COPPER MINE,Operable Unit,Operable Unit Boundary,4,0,,,F,N,5/8/2019 0:00:00,5/8/2019 0:00:00,U.S EPA Region 1,TOWN HIGHWAY 38,,VERSHIRE,ORANGE,VT,05079,Ed Hathaway,(617) 918-1372,Hathaway.Ed@epa.gov,www.epa.gov/superfund/ely,,,Y,18,3,160.070648000000006,Acres,0.078997796996823,0.000037659313650
6,01,Superfund Remedial,MAD051787323,IRON HORSE PARK,Operable Unit,Landfill Cap,2,0,,,F,N,3/28/2018 0:00:00,3/28/2018 0:00:00,U.S EPA Region 1,HIGH ST,,BILLERICA,MIDDLESEX,MA,01862,Josh Fontaine,(617) 918-1720,fontaine.joshua@epa.gov,www.epa.gov/superfund/ironhorse,,,Y,18,3,109.824477000000002,Acres,0.030795593362780,0.000026407997231
7,01,Superfund Remedial,MAD051787323,IRON HORSE PARK,Operable Unit,Waste Pond,1,0,,,F,N,3/28/2018 0:00:00,3/28/2018 0:00:00,U.S EPA Region 1,HIGH ST,,BILLERICA,MIDDLESEX,MA,01862,Josh Fontaine,(617) 918-1720,fontaine.joshua@epa.gov,www.epa.gov/superfund/ironhorse,,,Y,18,3,4.431158000000000,Acres,0.004785238875107,0.000001065549060
8,01,Superfund Remedial,MAD051787323,IRON HORSE PARK,Operable Unit,Operable Unit Boundary,3,0,,,F,N,3/28/2018 0:00:00,3/28/2018 0:00:00,U.S EPA Region 1,HIGH ST,,BILLERICA,MIDDLESEX,MA,01862,Josh Fontaine,(617) 918-1720,fontaine.joshua@epa.gov,www.epa.gov/superfund/ironhorse,,,Y,18,3,90.480863999999997,Acres,0.054844621751566,0.000021756906962
9,01,Superfund Remedial,MED985466168,WEST SITE/HOWS CORNERS,Operable Unit,Non-Source Area Groundwater,1,0,,,F,N,3/27/2019 4:00:00,3/27/2019 4:00:00,U.S EPA Region 1,CAMBELL/SAWYER ROAD,,PLYMOUTH,PENOBSCOT,ME,04969,Kevin Heine,(617) 918-1321,heine.kevin@epa.gov,www.epa.gov/superfund/hows,,,Y,20,4,763.113455000000044,Acres,0.058657079904110,0.000177015418184
10,01,Superfund Remedial,MED985466168,WEST SITE/HOWS CORNERS,Operable Unit,Source Area Groundwater,2,0,,,F,N,3/27/2019 4:00:00,3/27/2019 4:00:00,U.S EPA Region 1,CAMBELL/SAWYER ROAD,,PLYMOUTH,PENOBSCOT,ME,04969,Kevin Heine,(617) 918-1321,heine.kevin@epa.gov,www.epa.gov/superfund/hows,,,Y,20,4,2.416495000000000,Acres,0.003103865564424,0.000000560554244
11,01,Superfund Remedial,NHD980671002,SAVAGE MUNICIPAL WATER SUPPLY,Operable Unit,Operable Unit Boundary,1,0,,,F,N,5/30/2019 4:00:00,5/30/2019 4:00:00,U.S EPA Region 1,NEAR RT 101,,MILFORD,HILLSBOROUGH,NH,03055,Gerardo Millan-Ramos,(617) 918-1377,millan-ramos.gerardo@epa.gov,www.epa.gov/superfund/savage,,,Y,20,4,113.919268000000002,Acres,0.024270541199603,0.000027277616814
12,01,Superfund Remedial,NHD980671002,SAVAGE MUNICIPAL WATER SUPPLY,Operable Unit,Operable Unit Boundary,2,0,,,F,N,5/30/2019 4:00:00,5/30/2019 4:00:00,U.S EPA Region 1,NEAR RT 101,,MILFORD,HILLSBOROUGH,NH,03055,Gerardo Millan-Ramos,(617) 918-1377,millan-ramos.gerardo@epa.gov,www.epa.gov/superfund/savage,,,Y,20,4,391.119123000000002,Acres,0.045192659434215,0.000093653454693
13,01,Superfund Remedial,MAD001031574,CREESE & COOK TANNERY (FORMER),Operable Unit,Operable Unit Boundary,2,0,,,F,N,12/4/2019 0:00:00,1/1/2017 0:00:00,U.S. EPA Region 1,55 CLINTON AVENUE,,DANVERS,ESSEX,MA,01923,Derrick Golden,(617) 918-1448,golden.derrick@epa.gov,www.epa.gov/superfund/creese,,,Y,18,3,29.329377000000001,Acres,0.016843130167411,0.000007055861589
14,01,Superfund Remedial,MAD001031574,CREESE & COOK TANNERY (FORMER),Operable Unit,Operable Unit Boundary,1,0,,,F,N,12/4/2019 0:00:00,1/1/2017 0:00:00,U.S. EPA Region 1,55 CLINTON AVENUE,,DANVERS,ESSEX,MA,01923,Derrick Golden,(617) 918-1448,golden.derrick@epa.gov,www.epa.gov/superfund/creese,,,Y,18,3,22.468878000000000,Acres,0.019750753914896,0.000005405396280
15,1,Superfund Remedial,MAD001031574,CREESE & COOK TANNERY (FORMER),Operable Unit,Operable Unit Boundary,3,0,,,F,N,12/4/2019 0:00:00,12/4/2019 0:00:00,U.S. EPA Region 1,55 CLINTON AVENUE,,DANVERS,ESSEX,MA,01923,Derrick Golden,(617) 918-1448,golden.derrick@epa.gov,www.epa.gov/superfund/creese,,,Y,18,3,30.312456100876467,Acres,0.018419197956561,0.000007292399849
16,1,Superfund Remedial,CTD001186618,"RAYMARK INDUSTRIES, INC.",Operable Unit,Operable Unit Boundary,1,0,,,F,N,12/18/2019 0:00:00,1/1/2017 0:00:00,U.S. EPA Region 1,75 EAST MAIN STREET,,STRATFORD,FAIRFIELD,CT,06614,Jim Dilorenzo,(617) 918-1247,dilorenzo.jim@epa.gov,www.epa.gov/superfund/raymark,,,Y,20,4,63.641623000000003,Acres,0.017850307022039,0.000015638130097
17,8,Superfund Remedial,COD980807374,ROCKY FLATS INDUSTRIAL PARK (THORO - AERRCO - GWI),Operable Unit,Operable Unit Boundary,2,1,,,S,N,4/28/2020 0:00:00,,U.S. Environmental Protection Agency (EPA) - Region 8,17100 - 17400 W HWY 72,,ARVADA,JEFFERSON,CO,80403,Channing Shepherd,(303) 312-6201,shepherd.channing@epa.gov,,,,Y,20,3,4.860895370000000,Acres,0.006336407583827,0.000002070501107
18,8,Superfund Remedial,COD980807374,ROCKY FLATS INDUSTRIAL PARK (THORO - AERRCO - GWI),Operable Unit,Operable Unit Boundary,6,1,,,S,N,4/28/2020 0:00:00,,U.S. Environmental Protection Agency (EPA) - Region 8,17100 - 17400 W HWY 72,,ARVADA,JEFFERSON,CO,80403,Channing Shepherd,(303) 312-6201,shepherd.channing@epa.gov,,,,Y,20,3,12.411049730000000,Acres,0.015579227113545,0.000005286414580
19,8,Superfund Remedial,COD980807374,ROCKY FLATS INDUSTRIAL PARK (THORO - AERRCO - GWI),Operable Unit,Operable Unit Boundary,5,1,,,S,N,4/28/2020 0:00:00,,U.S. Environmental Protection Agency (EPA) - Region 8,17100 - 17400 W HWY 72,,ARVADA,JEFFERSON,CO,80403,Channing Shepherd,(303) 312-6201,shepherd.channing@epa.gov,,,,Y,20,3,5.680632170000000,Acres,0.006337812769128,0.000002419643549
20,8,Superfund Remedial,COD007063530,"ASARCO, INC. (GLOBE PLANT)",Operable Unit,Operable Unit Boundary,1,1,Former Neutralization Pond,,R,N,4/28/2020 0:00:00,,U.S. Environmental Protection Agency (EPA) - Region 8,495 East 51st Avenue,,DENVER,ADAMS,CO,80216,,,,,,,Y,20,3,81.528612030000005,Acres,0.029566458493768,0.000034693972175
21,8,Superfund Remedial,COD007063530,"ASARCO, INC. (GLOBE PLANT)",Operable Unit,Operable Unit Boundary,3,1,Residential Soils,,R,N,4/28/2020 0:00:00,,U.S. Environmental Protection Agency (EPA) - Region 8,495 East 51st Avenue,,DENVER,ADAMS,CO,80216,,,,,,,Y,20,3,924.594626739999967,Acres,0.121070535919470,0.000393447709871
22,8,Superfund Remedial,COD007063530,"ASARCO, INC. (GLOBE PLANT)",Operable Unit,Operable Unit Boundary,2,1,Groundwater and Surface Water,,R,N,4/28/2020 0:00:00,,U.S. Environmental Protection Agency (EPA) - Region 8,495 East 51st Avenue,,DENVER,ADAMS,CO,80216,,,,,,,Y,20,3,81.528612030000005,Acres,0.029566458493768,0.000034693972175
23,8,Superfund Remedial,COD007063530,"ASARCO, INC. (GLOBE PLANT)",Operable Unit,Operable Unit Boundary,4,1,Plant Site (Soils & Other Contamination Sources),,R,N,4/28/2020 0:00:00,,U.S. Environmental Protection Agency (EPA) - Region 8,495 East 51st Avenue,,DENVER,ADAMS,CO,80216,,,,,,,Y,20,3,81.528612030000005,Acres,0.029566458493768,0.000034693972175
24,8,Superfund Remedial,UTD000716399,WASATCH CHEMICAL CO. (LOT 6),Operable Unit,Operable Unit Boundary,1,2,,,F,N,5/25/2021 0:00:00,,U.S. Environmental Protection Agency (EPA) - Region 8,1979 S 7TH W,,SALT LAKE CITY,SALT LAKE,UT,84104,Paul Stoick,(303) 312-6908,Stoick.Paul@epa.gov,www.epa.gov/superfund/wasatch-chemical,,,Y,20,3,29.070541129999999,Acres,0.015869970314292,0.000012540347962
25,8,Superfund Remedial,SDD980717136,WHITEWOOD CREEK,Operable Unit,Deleted Area Boundary,1,1,,,D,N,4/28/2020 0:00:00,,U.S. Environmental Protection Agency (EPA) - Region 8,18 MI PART OF STREAM,,WHITEWOOD,LAWRENCE,SD,57793,Channing Shepherd,(303) 312-6201,shepherd.channing@epa.gov,www.epa.gov/superfund/whitewood-creek,,,Y,20,3,5161.617216849999750,Acres,0.989110761477536,0.002365447314292
26,8,Superfund Remedial,NDD980716963,ARSENIC TRIOXIDE SITE,Operable Unit,Deleted Area Boundary,1,2,,,D,N,4/28/2020 0:00:00,,U.S. Environmental Protection Agency (EPA) - Region 8,"LIDGERWOOD, RUTLND, WYNDMERE",,SOUTHEAST,RICHLAND,ND,58053,Fran Costanzi,(303) 312-6571,costanzi.frances@epa.gov,www.epa.gov/superfund/arsenic-trioxide,,,Y,20,3,597025.523534480016679,Acres,2.427131919047449,0.281238469886277
27,8,Superfund Remedial,COD980499255,MARSHALL LANDFILL,Operable Unit,Operable Unit Boundary,1,1,,,F,N,4/28/2020 0:00:00,,U.S. Environmental Protection Agency (EPA) - Region 8,1600 S 66TH STREET,,BOULDER,BOULDER,CO,80303,Dania Zinner,(720) 417-4375,zinner.dania@epa.gov,www.epa.gov/superfund/marshall-landfill,,,Y,20,3,150.348537469999997,Acres,0.037274841620190,0.000064124072564
28,8,Superfund Remedial,WYD981546005,MYSTERY BRIDGE RD/U.S. HIGHWAY 20,Operable Unit,Operable Unit Boundary,2,2,KMI and DOW Properties,,D,N,7/28/2021 0:00:00,,U.S. Environmental Protection Agency (EPA) - Region 8,"U.S.HWY 20,28 & MYSTERY BR. RD",,EVANSVILLE,NATRONA,WY,82636,Channing Shepherd,(303) 312-6201,shepherd.channing@epa.gov,www.epa.gov/superfund/mystery-bridge,,,Y,20,3,35.278622059999996,Acres,0.018703200180873,0.000015724192131
29,8,Superfund Remedial,WYD981546005,MYSTERY BRIDGE RD/U.S. HIGHWAY 20,Operable Unit,Operable Unit Boundary,1,2,Groundwater,,D,N,7/28/2021 0:00:00,,U.S. Environmental Protection Agency (EPA) - Region 8,"U.S.HWY 20,28 & MYSTERY BR. RD",,EVANSVILLE,NATRONA,WY,82636,Channing Shepherd,(303) 312-6201,shepherd.channing@epa.gov,www.epa.gov/superfund/mystery-bridge,,,Y,20,3,437.304529629999990,Acres,0.065126876594179,0.000194928117712
30,8,Superfund Remedial,COD980716955,DENVER RADIUM SITE,Operable Unit,Deleted Area Boundary,1,2,12th Ave. and Quivas St.,,F,N,5/27/2021 0:00:00,,U.S. Environmental Protection Agency (EPA) - Region 8,VARIOUS PLACES IN DENVER,,DENVER,DENVER,CO,80204,Maggie Ogden,(303) 312-7070,ogden.maggie@epa.gov,www.epa.gov/superfund/denver-radium,,,Y,20,3,9.756590599999999,Acres,0.008372393006465,0.000004148457159
31,8,Superfund Remedial,COD980716955,DENVER RADIUM SITE,Operable Unit,Deleted Area Boundary,2,2,11th St. and Umatilla St.,,F,N,5/27/2021 0:00:00,,U.S. Environmental Protection Agency (EPA) - Region 8,VARIOUS PLACES IN DENVER,,DENVER,DENVER,CO,80204,Maggie Ogden,(303) 312-7070,ogden.maggie@epa.gov,www.epa.gov/superfund/denver-radium,,,Y,20,3,25.372299479999999,Acres,0.014425080791445,0.000010787826132
32,8,Superfund Remedial,COD980716955,DENVER RADIUM SITE,Operable Unit,Deleted Area Boundary,3,2,1000 W. Louisiana Ave.,,F,N,5/27/2021 0:00:00,,U.S. Environmental Protection Agency (EPA) - Region 8,VARIOUS PLACES IN DENVER,,DENVER,DENVER,CO,80204,Maggie Ogden,(303) 312-7070,ogden.maggie@epa.gov,www.epa.gov/superfund/denver-radium,,,Y,20,3,15.498998400000000,Acres,0.013189464389107,0.000006585951082
33,8,Superfund Remedial,COD980716955,DENVER RADIUM SITE,Operable Unit,Deleted Area Boundary,10,2,1314 W. Evans Ave.,,F,N,5/27/2021 0:00:00,,U.S. Environmental Protection Agency (EPA) - Region 8,VARIOUS PLACES IN DENVER,,DENVER,DENVER,CO,80204,Maggie Ogden,(303) 312-7070,ogden.maggie@epa.gov,www.epa.gov/superfund/denver-radium,,,Y,20,3,15.192337020000000,Acres,0.012654773471120,0.000006454143399
34,8,Superfund Remedial,COD980716955,DENVER RADIUM SITE,Operable Unit,Deleted Area Boundary,6C,2,1271 W. Bayaud Ave.,,F,N,5/27/2021 0:00:00,,U.S. Environmental Protection Agency (EPA) - Region 8,VARIOUS PLACES IN DENVER,,DENVER,DENVER,CO,80204,Maggie Ogden,(303) 312-7070,ogden.maggie@epa.gov,www.epa.gov/superfund/denver-radium,,,Y,20,3,25.081196710000000,Acres,0.017386632924100,0.000010661436713
35,8,Superfund Remedial,COD980716955,DENVER RADIUM SITE,Operable Unit,Deleted Area Boundary,9A,2,2000 E. Colfax Ave.,,F,N,5/27/2021 0:00:00,,U.S. Environmental Protection Agency (EPA) - Region 8,VARIOUS PLACES IN DENVER,,DENVER,DENVER,CO,80204,Maggie Ogden,(303) 312-7070,ogden.maggie@epa.gov,www.epa.gov/superfund/denver-radium,,,Y,20,3,0.824253730000000,Acres,0.002375783660402,0.000000350490335
36,8,Superfund Remedial,COD980716955,DENVER RADIUM SITE,Operable Unit,Deleted Area Boundary,8,2,1805 S. Bannock St.,,F,N,5/27/2021 0:00:00,,U.S. Environmental Protection Agency (EPA) - Region 8,VARIOUS PLACES IN DENVER,,DENVER,DENVER,CO,80204,Maggie Ogden,(303) 312-7070,ogden.maggie@epa.gov,www.epa.gov/superfund/denver-radium,,,Y,20,3,32.121409210000003,Acres,0.014844851827548,0.000013647709252
37,8,Superfund Remedial,COD980716955,DENVER RADIUM SITE,Operable Unit,Deleted Area Boundary,6E,2,W. Jewell St. and S. Platte River Dr.,,F,N,5/27/2021 0:00:00,,U.S. Environmental Protection Agency (EPA) - Region 8,VARIOUS PLACES IN DENVER,,DENVER,DENVER,CO,80204,Maggie Ogden,(303) 312-7070,ogden.maggie@epa.gov,www.epa.gov/superfund/denver-radium,,,Y,20,3,94.192618740000000,Acres,0.027858283014199,0.000040021498277
38,8,Superfund Remedial,COD980716955,DENVER RADIUM SITE,Operable Unit,Deleted Area Boundary,11,2,1295 S. Santa Fe Dr.,,F,N,5/27/2021 0:00:00,,U.S. Environmental Protection Agency (EPA) - Region 8,VARIOUS PLACES IN DENVER,,DENVER,DENVER,CO,80204,Maggie Ogden,(303) 312-7070,ogden.maggie@epa.gov,www.epa.gov/superfund/denver-radium,,,Y,20,3,2.327352440000000,Acres,0.006095438663613,0.000000988978151
39,8,Superfund Remedial,COD980716955,DENVER RADIUM SITE,Operable Unit,Deleted Area Boundary,6A,2,2301 15th St.,,F,N,5/27/2021 0:00:00,,U.S. Environmental Protection Agency (EPA) - Region 8,VARIOUS PLACES IN DENVER,,DENVER,DENVER,CO,80204,Maggie Ogden,(303) 312-7070,ogden.maggie@epa.gov,www.epa.gov/superfund/denver-radium,,,Y,20,3,5.646837310000000,Acres,0.006250127840206,0.000002401705554
40,8,Superfund Remedial,COD980716955,DENVER RADIUM SITE,Operable Unit,Deleted Area Boundary,6B,2,1190 Yuma St.,,F,N,5/27/2021 0:00:00,,U.S. Environmental Protection Agency (EPA) - Region 8,VARIOUS PLACES IN DENVER,,DENVER,DENVER,CO,80204,Maggie Ogden,(303) 312-7070,ogden.maggie@epa.gov,www.epa.gov/superfund/denver-radium,,,Y,20,3,0.162583050000000,Acres,0.001174752407664,0.000000069128133
41,8,Superfund Remedial,COD980716955,DENVER RADIUM SITE,Operable Unit,Deleted Area Boundary,6D,2,S. Pecos St. and W. Arizona Ave.,,F,N,5/27/2021 0:00:00,,U.S. Environmental Protection Agency (EPA) - Region 8,VARIOUS PLACES IN DENVER,,DENVER,DENVER,CO,80204,Maggie Ogden,(303) 312-7070,ogden.maggie@epa.gov,www.epa.gov/superfund/denver-radium,,,Y,20,3,0.697829910000000,Acres,0.002227867350123,0.000000296541401
42,8,Superfund Remedial,COD980716955,DENVER RADIUM SITE,Operable Unit,Deleted Area Boundary,6G,2,Alley (Between Mariposa and Lipan),,F,N,5/27/2021 0:00:00,,U.S. Environmental Protection Agency (EPA) - Region 8,VARIOUS PLACES IN DENVER,,DENVER,DENVER,CO,80204,Maggie Ogden,(303) 312-7070,ogden.maggie@epa.gov,www.epa.gov/superfund/denver-radium,,,Y,20,3,3.190607480000000,Acres,0.005365392098060,0.000001356417602
43,8,Superfund Remedial,COD980716955,DENVER RADIUM SITE,Operable Unit,Operable Unit Boundary,7,2,Denver Streets,,F,N,5/27/2021 0:00:00,,U.S. Environmental Protection Agency (EPA) - Region 8,VARIOUS PLACES IN DENVER,,DENVER,DENVER,CO,80204,Maggie Ogden,(303) 312-7070,ogden.maggie@epa.gov,www.epa.gov/superfund/denver-radium,,,Y,20,3,15.666867119999999,Acres,0.123166904050758,0.000006661205674
44,8,Superfund Remedial,COD980716955,DENVER RADIUM SITE,Operable Unit,Deleted Area Boundary,9B,2,500 S. Santa Fe Dr.,,F,N,5/27/2021 0:00:00,,U.S. Environmental Protection Agency (EPA) - Region 8,VARIOUS PLACES IN DENVER,,DENVER,DENVER,CO,80204,Maggie Ogden,(303) 312-7070,ogden.maggie@epa.gov,www.epa.gov/superfund/denver-radium,,,Y,20,3,18.157919110000002,Acres,0.014703086634054,0.000007717459556
45,8,Superfund Remedial,COD980716955,DENVER RADIUM SITE,Operable Unit,Deleted Area Boundary,6F,2,61st Ave. and Clear Creek,,F,N,5/27/2021 0:00:00,,U.S. Environmental Protection Agency (EPA) - Region 8,VARIOUS PLACES IN DENVER,,DENVER,DENVER,CO,80204,Maggie Ogden,(303) 312-7070,ogden.maggie@epa.gov,www.epa.gov/superfund/denver-radium,,,Y,20,3,67.231351129999993,Acres,0.026176211177050,0.000028615618592
46,8,Superfund Remedial,COD980716955,DENVER RADIUM SITE,Operable Unit,Deleted Area Boundary,4,2,500 S. Santa Fe Dr.,,F,N,5/27/2021 0:00:00,,U.S. Environmental Protection Agency (EPA) - Region 8,VARIOUS PLACES IN DENVER,,DENVER,DENVER,CO,80204,Maggie Ogden,(303) 312-7070,ogden.maggie@epa.gov,www.epa.gov/superfund/denver-radium,,,Y,20,3,18.157919110000002,Acres,0.014703086634054,0.000007717459556
47,8,Superfund Remedial,COD980716955,DENVER RADIUM SITE,Operable Unit,Deleted Area Boundary,5,2,500 S. Santa Fe Dr.,,F,N,5/27/2021 0:00:00,,U.S. Environmental Protection Agency (EPA) - Region 8,VARIOUS PLACES IN DENVER,,DENVER,DENVER,CO,80204,Maggie Ogden,(303) 312-7070,ogden.maggie@epa.gov,www.epa.gov/superfund/denver-radium,,,Y,20,3,18.157919110000002,Acres,0.014703086634054,0.000007717459556
48,8,Superfund Remedial,UTD980951388,SHARON STEEL CORP. (MIDVALE TAILINGS),Operable Unit,Deleted Area Boundary,1,1,,,D,N,4/28/2020 0:00:00,,U.S. Environmental Protection Agency (EPA) - Region 8,"7800 SOUTH, 700 WEST",,MIDVALE,SALT LAKE,UT,84047,Athena Jones,(303) 312-6497,Jones.Athena@epa.gov,www.epa.gov/superfund/sharon-steel,,,Y,20,3,243.454405979999990,Acres,0.047283749600670,0.000104825455679
49,8,Superfund Remedial,UTD980951388,SHARON STEEL CORP. (MIDVALE TAILINGS),Operable Unit,Deleted Area Boundary,2,1,,,D,N,4/28/2020 0:00:00,,U.S. Environmental Protection Agency (EPA) - Region 8,"7800 SOUTH, 700 WEST",,MIDVALE,SALT LAKE,UT,84047,Athena Jones,(303) 312-6497,Jones.Athena@epa.gov,www.epa.gov/superfund/sharon-steel,,,Y,20,3,444.273635430000013,Acres,0.078016705386063,0.000191310472984
50,8,Superfund Remedial,COD980717938,CALIFORNIA GULCH,Operable Unit,Operable Unit Boundary,6,1,Starr Ditch/Penrose Dumps/Stray Horse/Evans Gulch,Starr Ditch/Penrose Dumps/Stray Horse Gulch/Evans Gulch,F,N,4/28/2020 0:00:00,,ESAT Contractor,S OF CY-YAK TUNNEL DOWNSTREAM,,LEADVILLE,LAKE,CO,80461,Linda Kiefer,(303) 312-6689,kiefer.linda@epa.gov,www.epa.gov/superfund/california-gulch,,,Y,20,3,2122.966792319999968,Acres,0.270448356544419,0.000896482467946
51,8,Superfund Remedial,COD980717938,CALIFORNIA GULCH,Operable Unit,Deleted Area Boundary,10,1,Oregon Gulch,,F,N,4/28/2020 0:00:00,,ESAT Contractor,S OF CY-YAK TUNNEL DOWNSTREAM,,LEADVILLE,LAKE,CO,80461,Linda Kiefer,(303) 312-6689,kiefer.linda@epa.gov,www.epa.gov/superfund/california-gulch,,,Y,20,3,33.652162290000000,Acres,0.031819096585829,0.000014207839135
52,8,Superfund Remedial,COD980717938,CALIFORNIA GULCH,Operable Unit,Deleted Area Boundary,3,1,D&RGW Slag Piles/Railroad Easement/Railroad Yard,Denver & Rio Grande Western Railroad Company,F,N,4/28/2020 0:00:00,,U.S. Environmental Protection Agency (EPA) - Region 8,S OF CY-YAK TUNNEL DOWNSTREAM,,LEADVILLE,LAKE,CO,80461,Linda Kiefer,(303) 312-6689,kiefer.linda@epa.gov,www.epa.gov/superfund/california-gulch,,,Y,20,3,134.086038510000009,Acres,0.118490975115286,0.000056618909810
53,8,Superfund Remedial,COD980717938,CALIFORNIA GULCH,Operable Unit,Deleted Area Boundary,4,1,Upper California Gulch,,F,N,4/28/2020 0:00:00,,ESAT Contractor,S OF CY-YAK TUNNEL DOWNSTREAM,,LEADVILLE,LAKE,CO,80461,Linda Kiefer,(303) 312-6689,kiefer.linda@epa.gov,www.epa.gov/superfund/california-gulch,,,Y,20,3,1555.940852010000071,Acres,0.131935025016720,0.000656910997385
54,8,Superfund Remedial,COD980717938,CALIFORNIA GULCH,Operable Unit,Deleted Area Boundary,5,1,ASARCO Smelters/Slag/Mill Sites,American Smelting and Refining Company,F,N,4/28/2020 0:00:00,,ESAT Contractor,S OF CY-YAK TUNNEL DOWNSTREAM,,LEADVILLE,LAKE,CO,80461,Linda Kiefer,(303) 312-6689,kiefer.linda@epa.gov,www.epa.gov/superfund/california-gulch,,,Y,20,3,155.818689640000002,Acres,0.103810937805033,0.000065788571992
55,8,Superfund Remedial,COD980717938,CALIFORNIA GULCH,Operable Unit,Deleted Area Boundary,7,1,Apache Tailing Impoundments,,F,N,4/28/2020 0:00:00,,ESAT Contractor,S OF CY-YAK TUNNEL DOWNSTREAM,,LEADVILLE,LAKE,CO,80461,Linda Kiefer,(303) 312-6689,kiefer.linda@epa.gov,www.epa.gov/superfund/california-gulch,,,Y,20,3,18.005832949999999,Acres,0.017805422118113,0.000007602679151
56,8,Superfund Remedial,COD980717938,CALIFORNIA GULCH,Operable Unit,Deleted Area Boundary,2,1,MG Tailings/Leadville Corp. Mill/MG Tailing Imp.,Malta Gulch Fluvial Tailings/Leadville Corp. Mill/Malta Gulch Tailing Impoundments,F,N,4/28/2020 0:00:00,,ESAT Contractor,S OF CY-YAK TUNNEL DOWNSTREAM,,LEADVILLE,LAKE,CO,80461,Linda Kiefer,(303) 312-6689,kiefer.linda@epa.gov,www.epa.gov/superfund/california-gulch,,,Y,20,3,162.524688389999994,Acres,0.088877632617520,0.000068617697196
57,8,Superfund Remedial,COD980717938,CALIFORNIA GULCH,Operable Unit,Operable Unit Boundary,11,1,Arkansas River Valley Floodplain,,F,N,4/28/2020 0:00:00,,ESAT Contractor,S OF CY-YAK TUNNEL DOWNSTREAM,,LEADVILLE,LAKE,CO,80461,Linda Kiefer,(303) 312-6689,kiefer.linda@epa.gov,www.epa.gov/superfund/california-gulch,,,Y,20,3,1661.368362890000071,Acres,0.501066482349300,0.000700826174262
58,8,Superfund Remedial,COD980717938,CALIFORNIA GULCH,Operable Unit,Deleted Area Boundary,8,1,Lower California Gulch,,F,N,4/28/2020 0:00:00,,ESAT Contractor,S OF CY-YAK TUNNEL DOWNSTREAM,,LEADVILLE,LAKE,CO,80461,Linda Kiefer,(303) 312-6689,kiefer.linda@epa.gov,www.epa.gov/superfund/california-gulch,,,Y,20,3,95.927103310000007,Acres,0.162670271596440,0.000040497637495
59,8,Superfund Remedial,COD980717938,CALIFORNIA GULCH,Operable Unit,Deleted Area Boundary,1,1,Yak Tunnel/Water Treatment Plant,,F,N,4/28/2020 0:00:00,,ESAT Contractor,S OF CY-YAK TUNNEL DOWNSTREAM,,LEADVILLE,LAKE,CO,80461,Linda Kiefer,(303) 312-6689,kiefer.linda@epa.gov,www.epa.gov/superfund/california-gulch,,,Y,20,3,53.806534200000002,Acres,0.034188529750437,0.000022717183511
60,8,Superfund Remedial,COD980717938,CALIFORNIA GULCH,Operable Unit,Deleted Area Boundary,9,1,Residential Populated Areas,,F,N,4/28/2020 0:00:00,,ESAT Contractor,S OF CY-YAK TUNNEL DOWNSTREAM,,LEADVILLE,LAKE,CO,80461,Linda Kiefer,(303) 312-6689,kiefer.linda@epa.gov,www.epa.gov/superfund/california-gulch,,,Y,20,3,5752.887575669999933,Acres,0.791199088199245,0.002428946197850
61,8,Superfund Remedial,COD980717938,CALIFORNIA GULCH,Operable Unit,Operable Unit Boundary,12,1,Site-Wide Water Quality,,F,N,4/28/2020 0:00:00,,ESAT Contractor,S OF CY-YAK TUNNEL DOWNSTREAM,,LEADVILLE,LAKE,CO,80461,Linda Kiefer,(303) 312-6689,kiefer.linda@epa.gov,www.epa.gov/superfund/california-gulch,,,Y,20,3,11746.975422789999357,Acres,0.875385800211369,0.004959216369587
62,8,Superfund Remedial,COD980717557,"CENTRAL CITY, CLEAR CREEK",Operable Unit,Operable Unit Boundary,4,1,Keyston Mine Water Mgmt Structures,,F,N,4/28/2020 0:00:00,,U.S. Environmental Protection Agency (EPA) - Region 8,NEAR TOWN,,IDAHO SPRINGS,CLEAR CREEK,CO,80452,Angela Zachman,(303) 312-6923,zachman.angela@epa.gov,www.epa.gov/superfund/central-city,,,Y,20,3,2.767908240000000,Acres,0.006598630271005,0.000001177862992
63,8,Superfund Remedial,COD980717557,"CENTRAL CITY, CLEAR CREEK",Operable Unit,Operable Unit Boundary,4,1,Willis Gulch Drop Structure,,F,N,4/28/2020 0:00:00,,U.S. Environmental Protection Agency (EPA) - Region 8,NEAR TOWN,,IDAHO SPRINGS,CLEAR CREEK,CO,80452,Angela Zachman,(303) 312-6923,zachman.angela@epa.gov,www.epa.gov/superfund/central-city,,,Y,20,3,0.092345000000000,Acres,0.001579278790101,0.000000039290818
64,8,Superfund Remedial,COD980717557,"CENTRAL CITY, CLEAR CREEK",Operable Unit,Operable Unit Boundary,4,1,Hampton Waste Rock Pile,,F,N,4/28/2020 0:00:00,,U.S. Environmental Protection Agency (EPA) - Region 8,NEAR TOWN,,IDAHO SPRINGS,CLEAR CREEK,CO,80452,Angela Zachman,(303) 312-6923,zachman.angela@epa.gov,www.epa.gov/superfund/central-city,,,Y,20,3,1.336250810000000,Acres,0.004129502664839,0.000000568579303
65,8,Superfund Remedial,COD980717557,"CENTRAL CITY, CLEAR CREEK",Operable Unit,Operable Unit Boundary,4,1,Pittsburg Waste Rock Pile Cover,,F,N,4/28/2020 0:00:00,,U.S. Environmental Protection Agency (EPA) - Region 8,NEAR TOWN,,IDAHO SPRINGS,CLEAR CREEK,CO,80452,Angela Zachman,(303) 312-6923,zachman.angela@epa.gov,www.epa.gov/superfund/central-city,,,Y,20,3,7.307862760000000,Acres,0.011304071468745,0.000003109489551
66,8,Superfund Remedial,COD980717557,"CENTRAL CITY, CLEAR CREEK",Operable Unit,Operable Unit Boundary,4,1,Silver Dollar/Powers Waste Rock Pile,,F,N,4/28/2020 0:00:00,,U.S. Environmental Protection Agency (EPA) - Region 8,NEAR TOWN,,IDAHO SPRINGS,CLEAR CREEK,CO,80452,Angela Zachman,(303) 312-6923,zachman.angela@epa.gov,www.epa.gov/superfund/central-city,,,Y,20,3,1.813143850000000,Acres,0.004785185488998,0.000000771467251
67,8,Superfund Remedial,COD980717557,"CENTRAL CITY, CLEAR CREEK",Operable Unit,Operable Unit Boundary,4,1,Mattie May Waste Rock Pile Cover,,F,N,4/28/2020 0:00:00,,U.S. Environmental Protection Agency (EPA) - Region 8,NEAR TOWN,,IDAHO SPRINGS,CLEAR CREEK,CO,80452,Angela Zachman,(303) 312-6923,zachman.angela@epa.gov,www.epa.gov/superfund/central-city,,,Y,20,3,1.889531480000000,Acres,0.005000382913447,0.000000804004440
68,8,Superfund Remedial,COD980717557,"CENTRAL CITY, CLEAR CREEK",Operable Unit,Operable Unit Boundary,4,1,Baltimore Waste Rock Pile Cover,,F,N,4/28/2020 0:00:00,,U.S. Environmental Protection Agency (EPA) - Region 8,NEAR TOWN,,IDAHO SPRINGS,CLEAR CREEK,CO,80452,Angela Zachman,(303) 312-6923,zachman.angela@epa.gov,www.epa.gov/superfund/central-city,,,Y,20,3,0.958897730000000,Acres,0.003047908804476,0.000000408014079
69,8,Superfund Remedial,COD980717557,"CENTRAL CITY, CLEAR CREEK",Operable Unit,Operable Unit Boundary,4,1,Alva Adams Waste Rock Pile Cover,,F,N,4/28/2020 0:00:00,,U.S. Environmental Protection Agency (EPA) - Region 8,NEAR TOWN,,IDAHO SPRINGS,CLEAR CREEK,CO,80452,Angela Zachman,(303) 312-6923,zachman.angela@epa.gov,www.epa.gov/superfund/central-city,,,Y,20,3,0.411586100000000,Acres,0.002385745278931,0.000000175123964
70,8,Superfund Remedial,COD980717557,"CENTRAL CITY, CLEAR CREEK",Operable Unit,Operable Unit Boundary,4,1,Centennial East Run On Control Ditch,,F,N,4/28/2020 0:00:00,,U.S. Environmental Protection Agency (EPA) - Region 8,NEAR TOWN,,IDAHO SPRINGS,CLEAR CREEK,CO,80452,Angela Zachman,(303) 312-6923,zachman.angela@epa.gov,www.epa.gov/superfund/central-city,,,Y,20,3,0.287499400000000,Acres,0.002467816121253,0.000000122327274
71,8,Superfund Remedial,COD980717557,"CENTRAL CITY, CLEAR CREEK",Operable Unit,Operable Unit Boundary,4,1,Nevada Gulch Sed Retention Basin,,F,N,4/28/2020 0:00:00,,U.S. Environmental Protection Agency (EPA) - Region 8,NEAR TOWN,,IDAHO SPRINGS,CLEAR CREEK,CO,80452,Angela Zachman,(303) 312-6923,zachman.angela@epa.gov,www.epa.gov/superfund/central-city,,,Y,20,3,0.583273470000000,Acres,0.002527216127653,0.000000248222134
72,8,Superfund Remedial,COD980717557,"CENTRAL CITY, CLEAR CREEK",Operable Unit,Operable Unit Boundary,4,1,Nevadaville Tailings Removal Area,,F,N,4/28/2020 0:00:00,,U.S. Environmental Protection Agency (EPA) - Region 8,NEAR TOWN,,IDAHO SPRINGS,CLEAR CREEK,CO,80452,Angela Zachman,(303) 312-6923,zachman.angela@epa.gov,www.epa.gov/superfund/central-city,,,Y,20,3,1.893322610000000,Acres,0.007008299059571,0.000000805797692
73,8,Superfund Remedial,COD980717557,"CENTRAL CITY, CLEAR CREEK",Operable Unit,Operable Unit Boundary,4,1,Hazeltine Waste Rock Pile Cover,,F,N,4/28/2020 0:00:00,,U.S. Environmental Protection Agency (EPA) - Region 8,NEAR TOWN,,IDAHO SPRINGS,CLEAR CREEK,CO,80452,Angela Zachman,(303) 312-6923,zachman.angela@epa.gov,www.epa.gov/superfund/central-city,,,Y,20,3,1.027338430000000,Acres,0.002916993011624,0.000000437102942
74,8,Superfund Remedial,COD980717557,"CENTRAL CITY, CLEAR CREEK",Operable Unit,Operable Unit Boundary,4,1,Anchor Waste Rock Pile Toe Protection,,F,N,4/28/2020 0:00:00,,U.S. Environmental Protection Agency (EPA) - Region 8,NEAR TOWN,,IDAHO SPRINGS,CLEAR CREEK,CO,80452,Angela Zachman,(303) 312-6923,zachman.angela@epa.gov,www.epa.gov/superfund/central-city,,,Y,20,3,1.197600890000000,Acres,0.003909395754420,0.000000509546424
75,8,Superfund Remedial,COD980717557,"CENTRAL CITY, CLEAR CREEK",Operable Unit,Operable Unit Boundary,4,1,Golden Gilpin Mill Site,,F,N,4/28/2020 0:00:00,,U.S. Environmental Protection Agency (EPA) - Region 8,NEAR TOWN,,IDAHO SPRINGS,CLEAR CREEK,CO,80452,Angela Zachman,(303) 312-6923,zachman.angela@epa.gov,www.epa.gov/superfund/central-city,,,Y,20,3,1.782433560000000,Acres,0.004630504564092,0.000000758653039
76,8,Superfund Remedial,COD980717557,"CENTRAL CITY, CLEAR CREEK",Operable Unit,Operable Unit Boundary,4,1,Gregory Incline Mill Site,,F,N,4/28/2020 0:00:00,,U.S. Environmental Protection Agency (EPA) - Region 8,NEAR TOWN,,IDAHO SPRINGS,CLEAR CREEK,CO,80452,Angela Zachman,(303) 312-6923,zachman.angela@epa.gov,www.epa.gov/superfund/central-city,,,Y,20,3,2.441983010000000,Acres,0.005721970791382,0.000001039339114
77,8,Superfund Remedial,COD980717557,"CENTRAL CITY, CLEAR CREEK",Operable Unit,Operable Unit Boundary,4,1,Boodle Mill Restoration Area,,F,N,4/28/2020 0:00:00,,U.S. Environmental Protection Agency (EPA) - Region 8,NEAR TOWN,,IDAHO SPRINGS,CLEAR CREEK,CO,80452,Angela Zachman,(303) 312-6923,zachman.angela@epa.gov,www.epa.gov/superfund/central-city,,,Y,20,3,3.850798340000000,Acres,0.006550275382553,0.000001639065659
78,8,Superfund Remedial,COD980717557,"CENTRAL CITY, CLEAR CREEK",Operable Unit,Operable Unit Boundary,4,1,Gregory Gulch No 3 Waste Rock Pile Cover,,F,N,4/28/2020 0:00:00,,U.S. Environmental Protection Agency (EPA) - Region 8,NEAR TOWN,,IDAHO SPRINGS,CLEAR CREEK,CO,80452,Angela Zachman,(303) 312-6923,zachman.angela@epa.gov,www.epa.gov/superfund/central-city,,,Y,20,3,0.378044220000000,Acres,0.001845576038598,0.000000160897269
79,8,Superfund Remedial,COD980717557,"CENTRAL CITY, CLEAR CREEK",Operable Unit,Operable Unit Boundary,4,1,Clay County Mill Site Cover,,F,N,4/28/2020 0:00:00,,U.S. Environmental Protection Agency (EPA) - Region 8,NEAR TOWN,,IDAHO SPRINGS,CLEAR CREEK,CO,80452,Angela Zachman,(303) 312-6923,zachman.angela@epa.gov,www.epa.gov/superfund/central-city,,,Y,20,3,15.068555979999999,Acres,0.014090636555048,0.000006412183025
80,8,Superfund Remedial,COD980717557,"CENTRAL CITY, CLEAR CREEK",Operable Unit,Operable Unit Boundary,4,1,Gregory Gulch No 1 Waste Rock Pile Cover,,F,N,4/28/2020 0:00:00,,U.S. Environmental Protection Agency (EPA) - Region 8,NEAR TOWN,,IDAHO SPRINGS,CLEAR CREEK,CO,80452,Angela Zachman,(303) 312-6923,zachman.angela@epa.gov,www.epa.gov/superfund/central-city,,,Y,20,3,0.672656730000000,Acres,0.002041172443839,0.000000286293145
81,8,Superfund Remedial,COD980717557,"CENTRAL CITY, CLEAR CREEK",Operable Unit,Operable Unit Boundary,4,1,Gregory Gulch No 2 Waste Rock Pile Cover,,F,N,4/28/2020 0:00:00,,U.S. Environmental Protection Agency (EPA) - Region 8,NEAR TOWN,,IDAHO SPRINGS,CLEAR CREEK,CO,80452,Angela Zachman,(303) 312-6923,zachman.angela@epa.gov,www.epa.gov/superfund/central-city,,,Y,20,3,2.219739780000000,Acres,0.005114022784498,0.000000944746861
82,8,Superfund Remedial,COD980717557,"CENTRAL CITY, CLEAR CREEK",Operable Unit,Operable Unit Boundary,4,1,Chase Gulch Waste Rock Pile Cover,,F,N,4/28/2020 0:00:00,,U.S. Environmental Protection Agency (EPA) - Region 8,NEAR TOWN,,IDAHO SPRINGS,CLEAR CREEK,CO,80452,Angela Zachman,(303) 312-6923,zachman.angela@epa.gov,www.epa.gov/superfund/central-city,,,Y,20,3,0.437932960000000,Acres,0.002217543396355,0.000000186392795
83,8,Superfund Remedial,COD980717557,"CENTRAL CITY, CLEAR CREEK",Operable Unit,Operable Unit Boundary,4,1,North Clear Creek Tailings Pile Cover,,F,N,4/28/2020 0:00:00,,U.S. Environmental Protection Agency (EPA) - Region 8,NEAR TOWN,,IDAHO SPRINGS,CLEAR CREEK,CO,80452,Angela Zachman,(303) 312-6923,zachman.angela@epa.gov,www.epa.gov/superfund/central-city,,,Y,20,3,0.558663720000000,Acres,0.001969848016039,0.000000237719931
84,8,Superfund Remedial,COD980717557,"CENTRAL CITY, CLEAR CREEK",Operable Unit,Operable Unit Boundary,3,1,Black Eagle Mill Site Cover,,F,N,4/28/2020 0:00:00,,U.S. Environmental Protection Agency (EPA) - Region 8,NEAR TOWN,,IDAHO SPRINGS,CLEAR CREEK,CO,80452,Angela Zachman,(303) 312-6923,zachman.angela@epa.gov,www.epa.gov/superfund/central-city,,,Y,20,3,4.538458120000000,Acres,0.008622264077055,0.000001929484474
85,8,Superfund Remedial,COD980717557,"CENTRAL CITY, CLEAR CREEK",Operable Unit,Operable Unit Boundary,3,1,Little Bear Mine,,F,N,4/28/2020 0:00:00,,U.S. Environmental Protection Agency (EPA) - Region 8,NEAR TOWN,,IDAHO SPRINGS,CLEAR CREEK,CO,80452,Angela Zachman,(303) 312-6923,zachman.angela@epa.gov,www.epa.gov/superfund/central-city,,,Y,20,3,0.756716820000000,Acres,0.002577612581450,0.000000321697940
86,8,Superfund Remedial,COD980717557,"CENTRAL CITY, CLEAR CREEK",Operable Unit,Operable Unit Boundary,3,1,Big Five Waste Rock Pile Cover,,F,N,4/28/2020 0:00:00,,U.S. Environmental Protection Agency (EPA) - Region 8,NEAR TOWN,,IDAHO SPRINGS,CLEAR CREEK,CO,80452,Angela Zachman,(303) 312-6923,zachman.angela@epa.gov,www.epa.gov/superfund/central-city,,,Y,20,3,10.130668160000001,Acres,0.024518543652898,0.000004308098919
87,8,Superfund Remedial,COD980717557,"CENTRAL CITY, CLEAR CREEK",Operable Unit,Operable Unit Boundary,3,1,Argo Mill Waste Rock Pile Cover,,F,N,4/28/2020 0:00:00,,U.S. Environmental Protection Agency (EPA) - Region 8,NEAR TOWN,,IDAHO SPRINGS,CLEAR CREEK,CO,80452,Angela Zachman,(303) 312-6923,zachman.angela@epa.gov,www.epa.gov/superfund/central-city,,,Y,20,3,8.874612539999999,Acres,0.015703936905171,0.000003773757375
88,8,Superfund Remedial,COD980717557,"CENTRAL CITY, CLEAR CREEK",Operable Unit,Operable Unit Boundary,3,1,Big 5 Tunnel Discharge Collection System,,F,N,4/28/2020 0:00:00,,U.S. Environmental Protection Agency (EPA) - Region 8,NEAR TOWN,,IDAHO SPRINGS,CLEAR CREEK,CO,80452,Angela Zachman,(303) 312-6923,zachman.angela@epa.gov,www.epa.gov/superfund/central-city,,,Y,20,3,0.634845540000000,Acres,0.002447499352691,0.000000269970271
89,8,Superfund Remedial,COD980717557,"CENTRAL CITY, CLEAR CREEK",Operable Unit,Operable Unit Boundary,3,1,Virginia Canyon Groundwater Collection System,,F,N,4/28/2020 0:00:00,,U.S. Environmental Protection Agency (EPA) - Region 8,NEAR TOWN,,IDAHO SPRINGS,CLEAR CREEK,CO,80452,Angela Zachman,(303) 312-6923,zachman.angela@epa.gov,www.epa.gov/superfund/central-city,,,Y,20,3,0.655015560000000,Acres,0.003620585187649,0.000000278563728
90,8,Superfund Remedial,COD980717557,"CENTRAL CITY, CLEAR CREEK",Operable Unit,Operable Unit Boundary,3,1,McCelland Mill Tailings Cover,,F,N,4/28/2020 0:00:00,,U.S. Environmental Protection Agency (EPA) - Region 8,NEAR TOWN,,IDAHO SPRINGS,CLEAR CREEK,CO,80452,Angela Zachman,(303) 312-6923,zachman.angela@epa.gov,www.epa.gov/superfund/central-city,,,Y,20,3,4.101168990000000,Acres,0.008231056453069,0.000001744528339
91,8,Superfund Remedial,COD980717557,"CENTRAL CITY, CLEAR CREEK",Operable Unit,Operable Unit Boundary,4,1,South Willis Gulch Check Dams,,F,N,4/28/2020 0:00:00,,U.S. Environmental Protection Agency (EPA) - Region 8,NEAR TOWN,,IDAHO SPRINGS,CLEAR CREEK,CO,80452,Angela Zachman,(303) 312-6923,zachman.angela@epa.gov,www.epa.gov/superfund/central-city,,,Y,20,3,36.908047730000000,Acres,0.041033221792121,0.000015701290379
92,8,Superfund Remedial,COD980717557,"CENTRAL CITY, CLEAR CREEK",Operable Unit,Operable Unit Boundary,4,1,Section 19 Waste Rock Pile Removal Area,,F,N,4/28/2020 0:00:00,,U.S. Environmental Protection Agency (EPA) - Region 8,NEAR TOWN,,IDAHO SPRINGS,CLEAR CREEK,CO,80452,Angela Zachman,(303) 312-6923,zachman.angela@epa.gov,www.epa.gov/superfund/central-city,,,Y,20,3,0.868707340000000,Acres,0.003235991896497,0.000000369605864
93,8,Superfund Remedial,COD980717557,"CENTRAL CITY, CLEAR CREEK",Operable Unit,Operable Unit Boundary,4,1,Russel Gulch Sed Retention Basin,,F,N,4/28/2020 0:00:00,,U.S. Environmental Protection Agency (EPA) - Region 8,NEAR TOWN,,IDAHO SPRINGS,CLEAR CREEK,CO,80452,Angela Zachman,(303) 312-6923,zachman.angela@epa.gov,www.epa.gov/superfund/central-city,,,Y,20,3,0.451305950000000,Acres,0.001662407684028,0.000000192019161
94,8,Superfund Remedial,COD980717557,"CENTRAL CITY, CLEAR CREEK",Operable Unit,Operable Unit Boundary,4,1,National Tunnel Pipeline ,,F,N,4/28/2020 0:00:00,,U.S. Environmental Protection Agency (EPA) - Region 8,NEAR TOWN,,IDAHO SPRINGS,CLEAR CREEK,CO,80452,Angela Zachman,(303) 312-6923,zachman.angela@epa.gov,www.epa.gov/superfund/central-city,,,Y,20,3,0.533986860000000,Acres,0.004289264804164,0.000000227248357
95,8,Superfund Remedial,COD980717557,"CENTRAL CITY, CLEAR CREEK",Operable Unit,Operable Unit Boundary,3,1,Minnisota Mine Reclaimation Area,,F,N,4/28/2020 0:00:00,,U.S. Environmental Protection Agency (EPA) - Region 8,NEAR TOWN,,IDAHO SPRINGS,CLEAR CREEK,CO,80452,Angela Zachman,(303) 312-6923,zachman.angela@epa.gov,www.epa.gov/superfund/central-city,,,Y,20,3,7.363859480000000,Acres,0.010759589143756,0.000003132985348
96,8,Superfund Remedial,COD980717557,"CENTRAL CITY, CLEAR CREEK",Operable Unit,Operable Unit Boundary,4,1,Blackhawk Sanitation Dist Constructed Wetlands,,F,N,4/28/2020 0:00:00,,U.S. Environmental Protection Agency (EPA) - Region 8,NEAR TOWN,,IDAHO SPRINGS,CLEAR CREEK,CO,80452,Angela Zachman,(303) 312-6923,zachman.angela@epa.gov,www.epa.gov/superfund/central-city,,,Y,20,3,2.309147790000000,Acres,0.004360306414295,0.000000982192128
97,8,Superfund Remedial,CON000802630,NELSON TUNNEL/COMMODORE WASTE ROCK,Operable Unit,Operable Unit Boundary,1,1,Waste Rock Pile,,F,N,4/28/2020 0:00:00,,U.S. Environmental Protection Agency (EPA) - Region 8,NATIONAL FOREST ROAD 503.4,,Creede,MINERAL,CO,81130,Dania Zinner,(720) 417-4375,zinner.dania@epa.gov,www.epa.gov/superfund/nelson-tunnel,,,Y,20,3,8.103643590000001,Acres,0.013209440376505,0.000003357937906
98,8,Superfund Remedial,CON000802630,NELSON TUNNEL/COMMODORE WASTE ROCK,Operable Unit,Operable Unit Boundary,2,1,Draining Mine Tunnel,,F,N,4/28/2020 0:00:00,,U.S. Environmental Protection Agency (EPA) - Region 8,NATIONAL FOREST ROAD 503.4,,Creede,MINERAL,CO,81130,Dania Zinner,(720) 417-4375,zinner.dania@epa.gov,www.epa.gov/superfund/nelson-tunnel,,,Y,20,3,28.593305229999999,Acres,0.072576206994181,0.000011850238828
99,8,Superfund Remedial,NDD980959548,MINOT LANDFILL,Operable Unit,Deleted Area Boundary,1,2,,,D,N,5/20/2021 0:00:00,,U.S. Environmental Protection Agency (EPA) - Region 8,"S27, T115N, R83W",,MINOT,WARD,ND,58701,Becky Geyer,(303) 312-6202,geyer.rebecca@epa.gov,www.epa.gov/superfund/minot-landfill,,,Y,20,3,42.366085230000003,Acres,0.024303185543249,0.000020749132509
100,8,Superfund Remedial,UTD000826404,KENNECOTT (SOUTH ZONE),Operable Unit,Operable Unit Boundary,1,1,Bingham Creek,1998 Bingham Creek ROD.,R,N,4/28/2020 0:00:00,,Rio Tinto,10200 SOUTH 8400 WEST,,COPPERTON,SALT LAKE,UT,84006,Douglas Bacon,(303) 312-6286,bacon.douglas@epa.gov,www.epa.gov/superfund/kennecott-south,,,Y,20,3,2177.952805259999877,Acres,0.468106617963629,0.000937420324459
101,8,Superfund Remedial,UTD000826404,KENNECOTT (SOUTH ZONE),Operable Unit,Operable Unit Boundary,3,1,Butterfield Canyon and Herriman,"2001 South End Lark ROD.  Butterfield Mine is located in Butterfield Canyon about 2.5 miles upgradient of the mouth of the Canyon.  Also in the Butterfield Canyon area were deposits of tailings left by early milling operations in the canyon.  The tailings were also deposited on both sides of the creek.  The tailings found at the site amounted to 25,050 cubic yards.  Within OU3 are the locations of several mining and milling operations and waste deposits.  They are: Revere Mill, Yosemite Mill, Brooklyn Mill, Holt Mill, Queens Mine and Mill, Blackjack Gulch Mines, St. Joes Mine, Yosemite Gulch Mines, Saints Rest Mines, and Water Supply Tunnel Dump.  Located downstream of the Butterfield Mine and Canyon sites is the farming community of Herriman.",R,N,4/28/2020 0:00:00,,Rio Tinto,10200 SOUTH 8400 WEST,,COPPERTON,SALT LAKE,UT,84006,Douglas Bacon,(303) 312-6286,bacon.douglas@epa.gov,www.epa.gov/superfund/kennecott-south,,,Y,20,3,1287.618938410000055,Acres,0.338745389247860,0.000553723519959
102,8,Superfund Remedial,UTD000826404,KENNECOTT (SOUTH ZONE),Operable Unit,Operable Unit Boundary,6,1,Lark Waste Rock and Tailings,"2001 South End Lark ROD.  Lark Waste Rock and Tailings (OU6) includes areas in and near the former town of Lark which were contaminated by wastes generated by mining activities in the vicinity.  Wastes included waste rock from digging the tunnels and shafts of the mines, tailings generated by several mills, and acid mine drainage discharged onto soils and into holding ponds.  The area covered by tailings was about 470 acres , waste rock was deposited on about 40 acres , and another 200 acres was affected by mine drainage.  It was estimated that there were about 5 million tons of tailings and 2 million tons of waste rock present on the site.  The site is transected by two intermittent streams, Midas Creek and Copper Creek, neither of which normally contain water.  Also present on the site is a small wetlands fed by a seep of moderately contaminated water.",R,N,4/28/2020 0:00:00,,Rio Tinto,10200 SOUTH 8400 WEST,,COPPERTON,SALT LAKE,UT,84006,Douglas Bacon,(303) 312-6286,bacon.douglas@epa.gov,www.epa.gov/superfund/kennecott-south,,,Y,20,3,588.180002309999963,Acres,0.867853146283156,0.000252993138006
103,8,Superfund Remedial,UTD000826404,KENNECOTT (SOUTH ZONE),Operable Unit,Operable Unit Boundary,7,1,South Jordan Evaporation Ponds,"2001 South End Lark ROD.  South Jordan Evaporation Ponds (OU7) includes an area in the western part of the City of South Jordan which was used to store and dispose of excess water from Kennecott's Bingham Canyon mining operations.  The waters, which were moderately to severely contaminated, deposited sludges of varying composition before they infiltrated into the ground, evaporated, or were discharged to the Jordan River.  The area affected by the ponds was about 1200 acres.",R,N,4/28/2020 0:00:00,,Rio Tinto,10200 SOUTH 8400 WEST,,COPPERTON,SALT LAKE,UT,84006,Douglas Bacon,(303) 312-6286,bacon.douglas@epa.gov,www.epa.gov/superfund/kennecott-south,,,Y,20,3,1338.375415089999933,Acres,0.132768143873020,0.000575842200181
104,8,Superfund Remedial,UTD000826404,KENNECOTT (SOUTH ZONE),Operable Unit,Operable Unit Boundary,10,1,Copperton Soils,1998 Bingham Creek ROD.  The town of Copperton is located at the mouth of Bingham Canyon adjacent to Bingham Creek on the south side of town. ,R,N,4/28/2020 0:00:00,,Rio Tinto,10200 SOUTH 8400 WEST,,COPPERTON,SALT LAKE,UT,84006,Douglas Bacon,(303) 312-6286,bacon.douglas@epa.gov,www.epa.gov/superfund/kennecott-south,,,Y,20,3,23.122077810000000,Acres,0.033647634772148,0.000009950115634
105,8,Superfund Remedial,UTD000826404,KENNECOTT (SOUTH ZONE),Operable Unit,Operable Unit Boundary,16,1,Bingham Canyon Underflow,,R,N,4/28/2020 0:00:00,,Rio Tinto,10200 SOUTH 8400 WEST,,COPPERTON,SALT LAKE,UT,84006,Douglas Bacon,(303) 312-6286,bacon.douglas@epa.gov,www.epa.gov/superfund/kennecott-south,,,Y,20,3,1121.859841980000056,Acres,0.145184302713992,0.000482698655623
106,8,Superfund Remedial,UTD000826404,KENNECOTT (SOUTH ZONE),Operable Unit,Operable Unit Boundary,17,1,Bastian Sink,"1998 Bingham Creek ROD.  The Bastian Sink is located in the south central portion of Section 15 and the north central portion of Section 22, Township 3 South, Range 2 West.  It measures 3,000 feet by 1,200 feet at its maximum extremities, totaling approximately 60 acres.",R,N,4/28/2020 0:00:00,,Rio Tinto,10200 SOUTH 8400 WEST,,COPPERTON,SALT LAKE,UT,84006,Douglas Bacon,(303) 312-6286,bacon.douglas@epa.gov,www.epa.gov/superfund/kennecott-south,,,Y,20,3,135.231524269999994,Acres,0.042287741310894,0.000058183650131
107,8,Superfund Remedial,UTD000826404,KENNECOTT (SOUTH ZONE),Operable Unit,Operable Unit Boundary,12,1,Water Collection System,,R,N,4/28/2020 0:00:00,,Rio Tinto,10200 SOUTH 8400 WEST,,COPPERTON,SALT LAKE,UT,84006,Douglas Bacon,(303) 312-6286,bacon.douglas@epa.gov,www.epa.gov/superfund/kennecott-south,,,Y,20,3,32.429016140000002,Acres,0.449906178850886,0.000013957360879
108,8,Superfund Remedial,UTD000826404,KENNECOTT (SOUTH ZONE),Operable Unit,Operable Unit Boundary,18,1,Mine Drainage - Tooele County,2002 North End ROD.,R,N,4/28/2020 0:00:00,,Rio Tinto,10200 SOUTH 8400 WEST,,COPPERTON,SALT LAKE,UT,84006,Douglas Bacon,(303) 312-6286,bacon.douglas@epa.gov,www.epa.gov/superfund/kennecott-south,,,Y,20,3,4.221874510000000,Acres,0.013271315124891,0.000001815233509
109,8,Superfund Remedial,UTD000826404,KENNECOTT (SOUTH ZONE),Operable Unit,Operable Unit Boundary,4,1,Bingham Reservoirs,1998 Bingham Creek ROD.,R,N,4/28/2020 0:00:00,,Rio Tinto,10200 SOUTH 8400 WEST,,COPPERTON,SALT LAKE,UT,84006,Douglas Bacon,(303) 312-6286,bacon.douglas@epa.gov,www.epa.gov/superfund/kennecott-south,,,Y,20,3,71.543562980000004,Acres,0.036287013370567,0.000030786020393
110,8,Superfund Remedial,UTD000826404,KENNECOTT (SOUTH ZONE),Operable Unit,Operable Unit Boundary,5,1,Arco Tailings,"1998 Bingham Creek ROD.  The Anaconda Tailings, also known as Anaconda (ARCO) Tailings, Copperton Tailings, ARCO Copperton Tailings and Utah Apex Tailings located adjacent to Bingham Creek.  The Anaconda Tailings, also known as Anaconda (ARCO) Tailings, Copperton Tailings, ARCO Copperton Tailings and Utah Apex Tailings.",R,N,4/28/2020 0:00:00,,Rio Tinto,10200 SOUTH 8400 WEST,,COPPERTON,SALT LAKE,UT,84006,Douglas Bacon,(303) 312-6286,bacon.douglas@epa.gov,www.epa.gov/superfund/kennecott-south,,,Y,20,3,107.857862440000005,Acres,0.197180113368063,0.000046410156589
111,8,Superfund Remedial,UTD000826404,KENNECOTT (SOUTH ZONE),Operable Unit,Operable Unit Boundary,20,1,Pine Canyon,2002 North End ROD.,R,N,4/28/2020 0:00:00,,Rio Tinto,10200 SOUTH 8400 WEST,,COPPERTON,SALT LAKE,UT,84006,Douglas Bacon,(303) 312-6286,bacon.douglas@epa.gov,www.epa.gov/superfund/kennecott-south,,,Y,20,3,142.745709739999995,Acres,0.105852121954072,0.000061405981498
112,8,Superfund Remedial,UTD000826404,KENNECOTT (SOUTH ZONE),Operable Unit,Operable Unit Boundary,11,1,Kennecott Historic Facilities,1998 Bingham Creek ROD.,R,N,4/28/2020 0:00:00,,Rio Tinto,10200 SOUTH 8400 WEST,,COPPERTON,SALT LAKE,UT,84006,Douglas Bacon,(303) 312-6286,bacon.douglas@epa.gov,www.epa.gov/superfund/kennecott-south,,,Y,20,3,7.986377540000000,Acres,0.043819882994985,0.000003435111381
113,8,Superfund Remedial,UTD000826404,KENNECOTT (SOUTH ZONE),Operable Unit,Operable Unit Boundary,24,1,Precipitation Plant,2002 North End ROD.,R,N,4/28/2020 0:00:00,,Rio Tinto,10200 SOUTH 8400 WEST,,COPPERTON,SALT LAKE,UT,84006,Douglas Bacon,(303) 312-6286,bacon.douglas@epa.gov,www.epa.gov/superfund/kennecott-south,,,Y,20,3,596.686869259999980,Acres,2.166099738737938,0.000256913013008
114,8,Superfund Remedial,UTD000826404,KENNECOTT (SOUTH ZONE),Operable Unit,Operable Unit Boundary,2,1,SW Jordan River Valley Ground Water Plumes,2000 South End Ground Water ROD.,R,N,4/28/2020 0:00:00,,Rio Tinto,10200 SOUTH 8400 WEST,,COPPERTON,SALT LAKE,UT,84006,Douglas Bacon,(303) 312-6286,bacon.douglas@epa.gov,www.epa.gov/superfund/kennecott-south,,,Y,20,3,15678.835467020000578,Acres,0.589085047802529,0.006746396244771
115,8,Superfund Remedial,UTD000826404,KENNECOTT (SOUTH ZONE),Operable Unit,Operable Unit Boundary,25,1,Historic Facilities,,R,N,4/28/2020 0:00:00,,U.S. Environmental Protection Agency (EPA) - Region 8,10200 SOUTH 8400 WEST,,COPPERTON,SALT LAKE,UT,84006,Douglas Bacon,(303) 312-6286,bacon.douglas@epa.gov,www.epa.gov/superfund/kennecott-south,,,Y,20,3,28.806617339999999,Acres,0.159910118384373,0.000012391478063
116,8,Superfund Remedial,UTD070926811,KENNECOTT (NORTH ZONE),Operable Unit,Operable Unit Boundary,9,1,Magna Soils,2002 North End ROD.,P,N,4/28/2020 0:00:00,,Rio Tinto,12000 WEST 2100 SOUTH,,MAGNA,SALT LAKE,UT,84044,Douglas Bacon,(303) 312-6286,bacon.douglas@epa.gov,www.epa.gov/superfund/kennecott-north,,,Y,20,3,3183.145001249999950,Acres,0.152867460572201,0.001372603544952
117,8,Superfund Remedial,UTD070926811,KENNECOTT (NORTH ZONE),Operable Unit,Operable Unit Boundary,8,1,Waste Water Treatment Plant and Sludge Ponds,2002 North End ROD.,P,N,4/28/2020 0:00:00,,Rio Tinto,12000 WEST 2100 SOUTH,,MAGNA,SALT LAKE,UT,84044,Douglas Bacon,(303) 312-6286,bacon.douglas@epa.gov,www.epa.gov/superfund/kennecott-north,,,Y,20,3,75.823048340000000,Acres,0.055810265539451,0.000032710179797
118,8,Superfund Remedial,UTD070926811,KENNECOTT (NORTH ZONE),Operable Unit,Operable Unit Boundary,14,1,Refinery,2002 North End ROD.,P,N,4/28/2020 0:00:00,,Rio Tinto,12000 WEST 2100 SOUTH,,MAGNA,SALT LAKE,UT,84044,Douglas Bacon,(303) 312-6286,bacon.douglas@epa.gov,www.epa.gov/superfund/kennecott-north,,,Y,20,3,248.117913719999990,Acres,0.048427764827654,0.000107033351465
119,8,Superfund Remedial,UTD070926811,KENNECOTT (NORTH ZONE),Operable Unit,Operable Unit Boundary,19,1,Smelter Fallout,2002 North End ROD.,P,N,4/28/2020 0:00:00,,Rio Tinto,12000 WEST 2100 SOUTH,,MAGNA,SALT LAKE,UT,84044,Douglas Bacon,(303) 312-6286,bacon.douglas@epa.gov,www.epa.gov/superfund/kennecott-north,,,Y,20,3,8906.711647039999662,Acres,0.355452658125980,0.003840564301488
120,8,Superfund Remedial,UTD070926811,KENNECOTT (NORTH ZONE),Operable Unit,Operable Unit Boundary,13,1,Smelter and Acid Plants,2002 North End ROD.,P,N,4/28/2020 0:00:00,,Rio Tinto,12000 WEST 2100 SOUTH,,MAGNA,SALT LAKE,UT,84044,Douglas Bacon,(303) 312-6286,bacon.douglas@epa.gov,www.epa.gov/superfund/kennecott-north,,,Y,20,3,640.854290750000018,Acres,0.138211373228028,0.000276426617488
121,8,Superfund Remedial,UTD070926811,KENNECOTT (NORTH ZONE),Operable Unit,Operable Unit Boundary,22,1,Great Salt Lake Wetlands,2002 North End ROD.,P,N,4/28/2020 0:00:00,,Rio Tinto,12000 WEST 2100 SOUTH,,MAGNA,SALT LAKE,UT,84044,Douglas Bacon,(303) 312-6286,bacon.douglas@epa.gov,www.epa.gov/superfund/kennecott-north,,,Y,20,3,6640.268252810000376,Acres,1.205174660156907,0.002865321551788
122,8,Superfund Remedial,UTD070926811,KENNECOTT (NORTH ZONE),Operable Unit,Operable Unit Boundary,23,1,North End Groundwater,2002 North End ROD.,P,N,4/28/2020 0:00:00,,Rio Tinto,12000 WEST 2100 SOUTH,,MAGNA,SALT LAKE,UT,84044,Douglas Bacon,(303) 312-6286,bacon.douglas@epa.gov,www.epa.gov/superfund/kennecott-north,,,Y,20,3,1826.964535399999932,Acres,0.162214127625315,0.000788153347172
123,8,Superfund Remedial,UTD070926811,KENNECOTT (NORTH ZONE),Operable Unit,Operable Unit Boundary,15,1,Mills and Tailings Pond,"2002 North End ROD.  The Magna Tailings Pond Operable Unit (OU 15) includes the first step ofthe mineral beneficiation process including the grinding of the ore and the separation of the minerals from the ground ore via gravity and flotation.  It also includes the waste areas associated with the grinding and concentrating operations.  It includes the major facilities, the Bonneville Crusher, the Magna Mill, the historic Arthur Mill, and the South and North Tailings Impoundments.",P,N,4/28/2020 0:00:00,,Rio Tinto,12000 WEST 2100 SOUTH,,MAGNA,SALT LAKE,UT,84044,Douglas Bacon,(303) 312-6286,bacon.douglas@epa.gov,www.epa.gov/superfund/kennecott-north,,,Y,20,3,14746.030030949999855,Acres,1.656097403208631,0.006363647408872
124,8,Superfund Remedial,UTD070926811,KENNECOTT (NORTH ZONE),Operable Unit,Operable Unit Boundary,25,1,Historic Facilities,,P,N,4/28/2020 0:00:00,,U.S. Environmental Protection Agency (EPA) - Region 8,12000 WEST 2100 SOUTH,,MAGNA,SALT LAKE,UT,84044,Douglas Bacon,(303) 312-6286,bacon.douglas@epa.gov,www.epa.gov/superfund/kennecott-north,,,Y,20,3,33.187029199999998,Acres,0.185219971948823,0.000014315153123
125,8,Superfund Remedial,COD981551427,CAPTAIN JACK MILL,Operable Unit,Operable Unit Boundary,1,1,,,F,N,4/28/2020 0:00:00,,U.S. Environmental Protection Agency (EPA) - Region 8,93 California Gulch Road,,WARD,BOULDER,CO,80481,Angela Zachman,(303) 312-6923,zachman.angela@epa.gov,www.epa.gov/superfund/captain-jack,,,Y,20,3,39.728394180000002,Acres,0.043655511451270,0.000016974737664
126,8,Superfund Remedial,CO0002378230,STANDARD MINE,Operable Unit,Operable Unit Boundary,1,1,,,F,N,4/28/2020 0:00:00,,U.S. Environmental Protection Agency (EPA) - Region 8,"COUNTY ROAD 12, RUBY MINING DISITRICT",,GUNNISON NATIONAL FOREST,GUNNISON,CO,81224,Jessica Duggan,(303) 312-6195,duggan.jessica@epa.gov,www.epa.gov/superfund/standard-mine,,,Y,20,3,62.450489650000002,Acres,0.036023371244075,0.000026237032400
127,8,Superfund Remedial,CO0002259588,VASQUEZ BOULEVARD AND I-70,Operable Unit,Operable Unit Boundary,2,1,,,F,N,4/28/2020 0:00:00,,U.S. Environmental Protection Agency (EPA) - Region 8,VASQUEZ BOULEVARD AND 1-70,,DENVER,DENVER,CO,80216,Becky Geyer,(303) 312-6202,geyer.rebecca@epa.gov,www.epa.gov/superfund/vb-i70,,,Y,20,3,66.125298240000006,Acres,0.022469680358962,0.000028132810225
128,8,Superfund Remedial,CO0002259588,VASQUEZ BOULEVARD AND I-70,Operable Unit,Operable Unit Boundary,1,1,,,F,N,4/28/2020 0:00:00,,U.S. Environmental Protection Agency (EPA) - Region 8,VASQUEZ BOULEVARD AND 1-70,,DENVER,DENVER,CO,80216,Becky Geyer,(303) 312-6202,geyer.rebecca@epa.gov,www.epa.gov/superfund/vb-i70,,,Y,20,3,2116.100791670000035,Acres,0.203059466395102,0.000900251346312
129,8,Superfund Remedial,CO0002259588,VASQUEZ BOULEVARD AND I-70,Operable Unit,Operable Unit Boundary,3,1,,,F,N,4/28/2020 0:00:00,,U.S. Environmental Protection Agency (EPA) - Region 8,VASQUEZ BOULEVARD AND 1-70,,DENVER,DENVER,CO,80216,Becky Geyer,(303) 312-6202,geyer.rebecca@epa.gov,www.epa.gov/superfund/vb-i70,,,Y,20,3,45.610136460000000,Acres,0.030733902429797,0.000019406081554
130,8,Superfund Remedial,UT0008921894,BOUNTIFUL 5 POINTS PCE PLUME (TCRA),Operable Unit,Operable Unit Boundary,1,2,<Null>,,N,N,5/25/2021 0:00:00,5/25/2021 0:00:00,U.S. Environmental Protection Agency (EPA) - Region 8,1500 SOUTH 200 WEST,,BOUNTIFUL,DAVIS,UT,84010,,,,,,,Y,20,3,0.142820250000000,Acres,0.001198268301057,0.000000061742181
131,8,Superfund Remedial,COD980667075,WOODBURY CHEMICAL CO.,Operable Unit,Deleted Area Boundary,1,1,,,D,N,4/28/2020 0:00:00,,U.S. Environmental Protection Agency (EPA) - Region 8,5400 JACKSON ST,,COMMERCE CITY,ADAMS,CO,80022,Maggie Ogden,(303) 312-7070,ogden.maggie@epa.gov,www.epa.gov/superfund/woodbury-chemical,,,Y,20,3,14.098719190000001,Acres,0.016691924696204,0.000005999760664
132,8,Superfund Remedial,SDD000823559,WILLIAMS PIPE LINE CO. DISPOSAL PIT,Operable Unit,Deleted Area Boundary,1,1,,,D,N,4/28/2020 0:00:00,,U.S. Environmental Protection Agency (EPA) - Region 8,5300 W 12TH ST,,SIOUX FALLS,MINNEHAHA,SD,57107,Maggie Ogden,(303) 312-7070,ogden.maggie@epa.gov,www.epa.gov/superfund/williams-pipeline,,,Y,20,3,53.308429259999997,Acres,0.025039406205975,0.000024026359299
133,8,Superfund Remedial,COD042167858,LINCOLN PARK,Operable Unit,Operable Unit Boundary,1,2,,,F,N,7/12/2021 0:00:00,,U.S. Environmental Protection Agency (EPA) - Region 8,2 MI S OF CANON CY,,CANON CITY,FREMONT,CO,81212,Rebecca Gerhart,(303) 312-6695,gerhart.rebecca@epa.gov,www.epa.gov/superfund/lincoln-park,,,Y,20,3,3053.427943239999877,Acres,0.149861761119822,0.001274362186832
134,8,Superfund Remedial,COD042167858,LINCOLN PARK,Operable Unit,Operable Unit Boundary,2,2,Lincoln Park Residential Area,,F,N,7/12/2021 0:00:00,,U.S. Environmental Protection Agency (EPA) - Region 8,2 MI S OF CANON CY,,CANON CITY,FREMONT,CO,81212,Rebecca Gerhart,(303) 312-6695,gerhart.rebecca@epa.gov,www.epa.gov/superfund/lincoln-park,,,Y,20,3,926.563242220000006,Acres,0.103744949582632,0.000386817795024
135,8,Superfund Remedial,UTD980952840,RICHARDSON FLAT TAILINGS,Operable Unit,Operable Unit Boundary,1,1,,,P,N,4/28/2020 0:00:00,,U.S. Environmental Protection Agency (EPA) - Region 8,1 MILE E. OF TOWN NEAR US 40 ,,PARK CITY,SUMMIT,UT,84060,James Hou,(303) 312-6210,hou.james@epa.gov,www.epa.gov/superfund/richardson-flat,,,Y,20,3,267.927232510000010,Acres,0.045146898972401,0.000115489420357
136,8,Superfund Remedial,UTD980952840,RICHARDSON FLAT TAILINGS,Operable Unit,Operable Unit Boundary,2,1,,,P,N,4/28/2020 0:00:00,,U.S. Environmental Protection Agency (EPA) - Region 8,1 MILE E. OF TOWN NEAR US 40 ,,PARK CITY,SUMMIT,UT,84060,James Hou,(303) 312-6210,hou.james@epa.gov,www.epa.gov/superfund/richardson-flat,,,Y,20,3,1216.488986280000063,Acres,0.202389832289881,0.000524679835944
137,8,Superfund Remedial,UTD980952840,RICHARDSON FLAT TAILINGS,Operable Unit,Operable Unit Boundary,3,1,,,P,N,4/28/2020 0:00:00,,U.S. Environmental Protection Agency (EPA) - Region 8,1 MILE E. OF TOWN NEAR US 40 ,,PARK CITY,SUMMIT,UT,84060,James Hou,(303) 312-6210,hou.james@epa.gov,www.epa.gov/superfund/richardson-flat,,,Y,20,3,856.344393869999976,Acres,0.207529348944153,0.000369249807316
138,8,Superfund Remedial,UTD980952840,RICHARDSON FLAT TAILINGS,Operable Unit,Operable Unit Boundary,4,1,,,P,N,4/28/2020 0:00:00,,U.S. Environmental Protection Agency (EPA) - Region 8,1 MILE E. OF TOWN NEAR US 40 ,,PARK CITY,SUMMIT,UT,84060,James Hou,(303) 312-6210,hou.james@epa.gov,www.epa.gov/superfund/richardson-flat,,,Y,20,3,1.027584520000000,Acres,0.003825031075592,0.000000442879049
139,8,Superfund Remedial,MT6122307485,BARKER HUGHESVILLE MINING DISTRICT,Operable Unit,Operable Unit Boundary,1,1,Mine Waste,,F,N,4/28/2020 0:00:00,,U.S. Environmental Protection Agency (EPA) - Region 8,FOREST SERVICE ROAD 6403,,MONARCH,CASCADE,MT,59469,Roger Hoogerheide,(406) 457-5031,hoogerheide.roger@epa.gov,www.epa.gov/superfund/barker-hughesville,,,Y,20,3,9038.272252160000789,Acres,0.697564717795229,0.004331666290590
140,8,Superfund Remedial,MTD021997689,MOUAT INDUSTRIES,Operable Unit,Operable Unit Boundary,1,1,Sitewide,,F,N,4/28/2020 0:00:00,,U.S. Environmental Protection Agency (EPA) - Region 8,ADJACENT TO AIR STRIP IN CY,,COLUMBUS,STILLWATER,MT,59019,Jessica Smith,(406) 457-5025,smith.jessica.g@epa.gov,www.epa.gov/superfund/mouat-industries,,,Y,20,3,8.200942000000000,Acres,0.009758186981252,0.000003829576035
141,8,Superfund Remedial,UTD081834277,MIDVALE SLAG,Operable Unit,Deleted Area Boundary,2,1,,,D,N,4/28/2020 0:00:00,,U.S. Environmental Protection Agency (EPA) - Region 8,"JORDAN RIVER, 6400 SOUTH, 700 WEST",,MIDVALE,SALT LAKE,UT,84047,Athena Jones,(303) 312-6497,Jones.Athena@epa.gov,www.epa.gov/superfund/midvale-slag,,,Y,20,3,184.749840449999994,Acres,0.045424773717236,0.000079563063556
142,8,Superfund Remedial,UTD081834277,MIDVALE SLAG,Operable Unit,Deleted Area Boundary,1,1,,,D,N,4/28/2020 0:00:00,,U.S. Environmental Protection Agency (EPA) - Region 8,"JORDAN RIVER, 6400 SOUTH, 700 WEST",,MIDVALE,SALT LAKE,UT,84047,Athena Jones,(303) 312-6497,Jones.Athena@epa.gov,www.epa.gov/superfund/midvale-slag,,,Y,20,3,274.099050030000001,Acres,0.046588368118786,0.000118059694638
143,8,Superfund Remedial,COD081961518,EAGLE MINE,Operable Unit,Operable Unit Boundary,2,2,Gilman Town Site,,F,N,4/28/2020 0:00:00,,U.S. Environmental Protection Agency (EPA) - Region 8,W OF US HWY 24,,MINTURN,EAGLE,CO,81645,Sydney Chan,(303) 312-6691,chan.sydney@epa.gov,www.epa.gov/superfund/eagle-mine,,,Y,20,3,39.251095659999997,Acres,0.027097865070091,0.000016640995005
144,8,Superfund Remedial,COD081961518,EAGLE MINE,Operable Unit,Operable Unit Boundary,3,2,North Property Development,,F,N,4/28/2020 0:00:00,,U.S. Environmental Protection Agency (EPA) - Region 8,W OF US HWY 24,,MINTURN,EAGLE,CO,81645,Sydney Chan,(303) 312-6691,chan.sydney@epa.gov,www.epa.gov/superfund/eagle-mine,,,Y,20,3,283.089638289999982,Acres,0.152357439028397,0.000120059238437
145,8,Superfund Remedial,COD081961518,EAGLE MINE,Operable Unit,Operable Unit Boundary,1,2,Belden/Eagle Mine,,F,N,4/28/2020 0:00:00,,U.S. Environmental Protection Agency (EPA) - Region 8,W OF US HWY 24,,MINTURN,EAGLE,CO,81645,Sydney Chan,(303) 312-6691,chan.sydney@epa.gov,www.epa.gov/superfund/eagle-mine,,,Y,20,3,258.560286969999993,Acres,0.140916834235745,0.000109640798281
146,8,Superfund Remedial,MT0009083840,LIBBY ASBESTOS SITE,Operable Unit,Operable Unit Boundary,1,1,Former Export Plant,,F,N,4/28/2020 0:00:00,,U.S. Environmental Protection Agency (EPA) - Region 8,512 CALIFORNIA AVENUE,,LIBBY,LINCOLN,MT,59923,Dania Zinner,(720) 417-4375,zinner.dania@epa.gov,www.epa.gov/superfund/libby-asbestos,,,Y,20,3,14.460039710000000,Acres,0.013452547290059,0.000007106570703
147,8,Superfund Remedial,MT0009083840,LIBBY ASBESTOS SITE,Operable Unit,Operable Unit Boundary,2,1,Former Screening Plant,,F,N,4/28/2020 0:00:00,,U.S. Environmental Protection Agency (EPA) - Region 8,512 CALIFORNIA AVENUE,,LIBBY,LINCOLN,MT,59923,Dania Zinner,(720) 417-4375,zinner.dania@epa.gov,www.epa.gov/superfund/libby-asbestos,,,Y,20,3,39.604132309999997,Acres,0.034122959515071,0.000019468851196
148,8,Superfund Remedial,MT0009083840,LIBBY ASBESTOS SITE,Operable Unit,Operable Unit Boundary,3,1,OU 3 Phase 1 (Forest),,F,N,4/28/2020 0:00:00,,U.S. Environmental Protection Agency (EPA) - Region 8,512 CALIFORNIA AVENUE,,LIBBY,LINCOLN,MT,59923,Dania Zinner,(720) 417-4375,zinner.dania@epa.gov,www.epa.gov/superfund/libby-asbestos,,,Y,20,3,10075.122202219999963,Acres,0.337412476052819,0.004954776312553
149,8,Superfund Remedial,MT0009083840,LIBBY ASBESTOS SITE,Operable Unit,Operable Unit Boundary,3,1,OU 3 Phase 2 (Kootenai River),,F,N,4/28/2020 0:00:00,,U.S. Environmental Protection Agency (EPA) - Region 8,512 CALIFORNIA AVENUE,,LIBBY,LINCOLN,MT,59923,Dania Zinner,(720) 417-4375,zinner.dania@epa.gov,www.epa.gov/superfund/libby-asbestos,,,Y,20,3,1818.883435080000027,Acres,1.194872173467783,0.000894782362013
150,8,Superfund Remedial,MT0009083840,LIBBY ASBESTOS SITE,Operable Unit,Operable Unit Boundary,4,1,Libby,,F,N,4/28/2020 0:00:00,,U.S. Environmental Protection Agency (EPA) - Region 8,512 CALIFORNIA AVENUE,,LIBBY,LINCOLN,MT,59923,Dania Zinner,(720) 417-4375,zinner.dania@epa.gov,www.epa.gov/superfund/libby-asbestos,,,Y,20,3,2.113933850000000,Acres,0.005023223253889,0.000001039093141
151,8,Superfund Remedial,MT0009083840,LIBBY ASBESTOS SITE,Operable Unit,Operable Unit Boundary,4,1,Libby,,F,N,4/28/2020 0:00:00,,U.S. Environmental Protection Agency (EPA) - Region 8,512 CALIFORNIA AVENUE,,LIBBY,LINCOLN,MT,59923,Dania Zinner,(720) 417-4375,zinner.dania@epa.gov,www.epa.gov/superfund/libby-asbestos,,,Y,20,3,59371.166913679997378,Acres,4.518918077221012,0.029166545677325
152,8,Superfund Remedial,MT0009083840,LIBBY ASBESTOS SITE,Operable Unit,Operable Unit Boundary,5,1,Former Stimson Lumber,,F,N,4/28/2020 0:00:00,,U.S. Environmental Protection Agency (EPA) - Region 8,512 CALIFORNIA AVENUE,,LIBBY,LINCOLN,MT,59923,Dania Zinner,(720) 417-4375,zinner.dania@epa.gov,www.epa.gov/superfund/libby-asbestos,,,Y,20,3,423.300749800000006,Acres,0.124223235698181,0.000207971822107
153,8,Superfund Remedial,MT0009083840,LIBBY ASBESTOS SITE,Operable Unit,Operable Unit Boundary,6,1,BNSF Rail Corridor,,F,N,4/28/2020 0:00:00,,U.S. Environmental Protection Agency (EPA) - Region 8,512 CALIFORNIA AVENUE,,LIBBY,LINCOLN,MT,59923,Dania Zinner,(720) 417-4375,zinner.dania@epa.gov,www.epa.gov/superfund/libby-asbestos,,,Y,20,3,1151.127393279999978,Acres,1.716667322179329,0.000565905874233
154,8,Superfund Remedial,MT0009083840,LIBBY ASBESTOS SITE,Operable Unit,Operable Unit Boundary,7,1,Troy,,F,N,4/28/2020 0:00:00,,U.S. Environmental Protection Agency (EPA) - Region 8,512 CALIFORNIA AVENUE,,LIBBY,LINCOLN,MT,59923,Dania Zinner,(720) 417-4375,zinner.dania@epa.gov,www.epa.gov/superfund/libby-asbestos,,,Y,20,3,3658.446166860000176,Acres,0.975386296360366,0.001800031624904
155,8,Superfund Remedial,MT0009083840,LIBBY ASBESTOS SITE,Operable Unit,Operable Unit Boundary,8,1,State Highway Corridors,,F,N,4/28/2020 0:00:00,,U.S. Environmental Protection Agency (EPA) - Region 8,512 CALIFORNIA AVENUE,,LIBBY,LINCOLN,MT,59923,Dania Zinner,(720) 417-4375,zinner.dania@epa.gov,www.epa.gov/superfund/libby-asbestos,,,Y,20,3,954.236357580000004,Acres,2.690867663837614,0.000469211595156
156,8,Superfund Remedial,MTD093291599,ACM SMELTER AND REFINERY,Operable Unit,Operable Unit Boundary,1,1,,,F,N,5/25/2021 0:00:00,5/25/2021 0:00:00,U.S. Environmental Protection Agency (EPA) - Region 8,"RIVER ROAD NORTH, 1 MILE E. OF 15TH ST",,BLACK EAGLE,CASCADE,MT,59414,,,,www.epa.gov/superfund/acm-smelter,,,Y,20,3,1363.948010569999951,Acres,0.221618190195081,0.000659254276563
157,8,Superfund Remedial,MTD093291599,ACM SMELTER AND REFINERY,Operable Unit,Operable Unit Boundary,3,1,,,F,N,5/25/2021 0:00:00,5/25/2021 0:00:00,U.S. Environmental Protection Agency (EPA) - Region 8,"RIVER ROAD NORTH, 1 MILE E. OF 15TH ST",,BLACK EAGLE,CASCADE,MT,59414,,,,www.epa.gov/superfund/acm-smelter,,,Y,20,3,303.357191049999983,Acres,0.149601581297456,0.000146618403182
158,8,Superfund Remedial,MTD093291599,ACM SMELTER AND REFINERY,Operable Unit,Operable Unit Boundary,2,1,,,F,N,5/25/2021 0:00:00,5/25/2021 0:00:00,U.S. Environmental Protection Agency (EPA) - Region 8,"RIVER ROAD NORTH, 1 MILE E. OF 15TH ST",,BLACK EAGLE,CASCADE,MT,59414,,,,www.epa.gov/superfund/acm-smelter,,,Y,20,3,1056.469127070000013,Acres,0.154651344077850,0.000510698408489
159,8,Superfund Remedial,MT0012694970,FLAT CREEK IMM,Operable Unit,Operable Unit Boundary,1,1,Town of Superior Shallow Soils,,F,N,5/26/2021 0:00:00,5/26/2021 0:00:00,U.S. Environmental Protection Agency (EPA) - Region 8,FLAT CREEK ROAD AND HALL GULCH ROAD,,SUPERIOR,MINERAL,MT,59872,Emma Rott,(406) 457-5003,rott.emma@epa.gov,www.epa.gov/superfund/flat-creek,,,Y,21,3,684.532092830000011,Acres,0.126933279520385,0.000328810571793
160,8,Superfund Remedial,MT0012694970,FLAT CREEK IMM,Operable Unit,Operable Unit Boundary,3,1,Wood Gulch Repository,,F,N,5/26/2021 0:00:00,5/26/2021 0:00:00,U.S. Environmental Protection Agency (EPA) - Region 8,FLAT CREEK ROAD AND HALL GULCH ROAD,,SUPERIOR,MINERAL,MT,59872,Emma Rott,(406) 457-5003,rott.emma@epa.gov,www.epa.gov/superfund/flat-creek,,,Y,21,3,1.882631870000000,Acres,0.003372401409368,0.000000905041847
161,8,Superfund Remedial,MT0012694970,FLAT CREEK IMM,Operable Unit,Operable Unit Boundary,2,1,Flat Creek Watershed,,F,N,5/26/2021 0:00:00,5/26/2021 0:00:00,U.S. Environmental Protection Agency (EPA) - Region 8,FLAT CREEK ROAD AND HALL GULCH ROAD,,SUPERIOR,MINERAL,MT,59872,Emma Rott,(406) 457-5003,rott.emma@epa.gov,www.epa.gov/superfund/flat-creek,,,Y,21,3,10200.038354289999916,Acres,0.383452096117527,0.004904036386703
162,8,Superfund Remedial,MTD006230635,MONTANA POLE AND TREATING,Operable Unit,Operable Unit Boundary,0,1,,,F,N,5/26/2021 0:00:00,5/26/2021 0:00:00,U.S. Environmental Protection Agency (EPA) - Region 8,202 W GREENWOOD AVENUE,,BUTTE,SILVER BOW,MT,59701,Allie Archer,(406) 457-5033,archer.allie@epa.gov,www.epa.gov/superfund/montana-pole,,,Y,20,3,50.657537349999998,Acres,0.038109082106925,0.000023805760812
163,8,Superfund Remedial,MTD980717565,MILLTOWN RESERVOIR SEDIMENTS,Operable Unit,Operable Unit Boundary,3,2,Mainstem River,,F,N,7/1/2021 0:00:00,6/3/2021 0:00:00,U.S. Environmental Protection Agency (EPA) - Region 8,ADJACENT TO SE SIDE OF TWN,,MILLTOWN,MISSOULA,MT,59851,Molly Roby,(406) 457-5021,roby.molly@epa.gov,www.epa.gov/superfund/milltown-reservoir,,,Y,20,3,22782.098117450001155,Acres,3.588698850236689,0.010811473382586
164,8,Superfund Remedial,MTD980717565,MILLTOWN RESERVOIR SEDIMENTS,Operable Unit,Operable Unit Boundary,2,1,Reservoir,,F,N,6/3/2021 0:00:00,6/3/2021 0:00:00,U.S. Environmental Protection Agency (EPA) - Region 8,ADJACENT TO SE SIDE OF TWN,,MILLTOWN,MISSOULA,MT,59851,Molly Roby,(406) 457-5021,roby.molly@epa.gov,www.epa.gov/superfund/milltown-reservoir,,,Y,20,3,562.743499440000051,Acres,0.087436465225137,0.000268654469510
165,8,Superfund Remedial,MTD093291656,ANACONDA CO. SMELTER,Operable Unit,Operable Unit Boundary,16,1,Community Soils,,F,N,6/3/2021 0:00:00,6/3/2021 0:00:00,U.S. Environmental Protection Agency (EPA) - Region 8,3 MI SE OF ANACONDA,,ANACONDA,DEER LODGE,MT,59711,Bryan Lobar,(406) 457-5040,lobar.bryan@epa.gov,www.epa.gov/superfund/anaconda-co-smelter,,,Y,20,3,92772.503607759994338,Acres,1.145279587609379,0.043720792480009
166,8,Superfund Remedial,MTD093291656,ANACONDA CO. SMELTER,Operable Unit,Operable Unit Boundary,11,1,Flue Dust,,F,N,6/3/2021 0:00:00,6/3/2021 0:00:00,U.S. Environmental Protection Agency (EPA) - Region 8,3 MI SE OF ANACONDA,,ANACONDA,DEER LODGE,MT,59711,Bryan Lobar,(406) 457-5040,lobar.bryan@epa.gov,www.epa.gov/superfund/anaconda-co-smelter,,,Y,20,3,13.016798370000000,Acres,0.010103952375460,0.000006129745948
167,8,Superfund Remedial,MTD093291656,ANACONDA CO. SMELTER,Operable Unit,Operable Unit Boundary,15,1,Mill Creek,,F,N,6/3/2021 0:00:00,6/3/2021 0:00:00,U.S. Environmental Protection Agency (EPA) - Region 8,3 MI SE OF ANACONDA,,ANACONDA,DEER LODGE,MT,59711,Bryan Lobar,(406) 457-5040,lobar.bryan@epa.gov,www.epa.gov/superfund/anaconda-co-smelter,,,Y,20,3,313.736778089999973,Acres,0.059745216765070,0.000147722029838
168,8,Superfund Remedial,MTD093291656,ANACONDA CO. SMELTER,Operable Unit,Operable Unit Boundary,7,1,Old Works,,F,N,6/3/2021 0:00:00,6/3/2021 0:00:00,U.S. Environmental Protection Agency (EPA) - Region 8,3 MI SE OF ANACONDA,,ANACONDA,DEER LODGE,MT,59711,Bryan Lobar,(406) 457-5040,lobar.bryan@epa.gov,www.epa.gov/superfund/anaconda-co-smelter,,,Y,20,3,1274.588240580000047,Acres,0.178406597207351,0.000600479902514
169,8,Superfund Remedial,MTD093291656,ANACONDA CO. SMELTER,Operable Unit,Operable Unit Boundary,4,2,ARWW & S,,F,N,7/1/2021 0:00:00,6/3/2021 0:00:00,U.S. Environmental Protection Agency (EPA) - Region 8,3 MI SE OF ANACONDA,,ANACONDA,DEER LODGE,MT,59711,Bryan Lobar,(406) 457-5040,lobar.bryan@epa.gov,www.epa.gov/superfund/anaconda-co-smelter,,,Y,20,3,119866.650004139999510,Acres,1.193510031345355,0.056467848263522
170,8,Superfund Remedial,MT0001096353,CARPENTER SNOW CREEK MINING DISTRICT,Operable Unit,Operable Unit Boundary,1,4,Town of Neihart,,F,N,6/9/2021 0:00:00,,U.S. Environmental Protection Agency (EPA) - Region 8,NO SPECIFIC ADDRESS,,NEIHART,CASCADE,MT,59465,Roger Hoogerheide,(406) 457-5031,hoogerheide.roger@epa.gov,www.epa.gov/superfund/carpenter-snow-creek,,,Y,20,3,201.026503520000006,Acres,0.104041848560310,0.000096095564937
171,8,Superfund Remedial,MT0001096353,CARPENTER SNOW CREEK MINING DISTRICT,Operable Unit,Operable Unit Boundary,3,4,Silver Dyke,,F,N,6/9/2021 0:00:00,,U.S. Environmental Protection Agency (EPA) - Region 8,NO SPECIFIC ADDRESS,,NEIHART,CASCADE,MT,59465,Roger Hoogerheide,(406) 457-5031,hoogerheide.roger@epa.gov,www.epa.gov/superfund/carpenter-snow-creek,,,Y,20,3,202.432704040000004,Acres,0.097038651874789,0.000096845127947
172,8,Superfund Remedial,MT0001096353,CARPENTER SNOW CREEK MINING DISTRICT,Operable Unit,Operable Unit Boundary,2,4,Mines and Watershed,,F,N,6/9/2021 0:00:00,,U.S. Environmental Protection Agency (EPA) - Region 8,NO SPECIFIC ADDRESS,,NEIHART,CASCADE,MT,59465,Roger Hoogerheide,(406) 457-5031,hoogerheide.roger@epa.gov,www.epa.gov/superfund/carpenter-snow-creek,,,Y,20,3,9504.458499739999752,Acres,0.950488419883550,0.004545388278113
173,8,Superfund Remedial,MT0007623052,LOCKWOOD SOLVENT GROUND WATER PLUME,Operable Unit,Operable Unit Boundary,1,2,Beall Trailers of Montana,,F,N,6/9/2021 0:00:00,,U.S. Environmental Protection Agency (EPA) - Region 8,LOCKWOOD ROAD,,BILLINGS,YELLOWSTONE,MT,59101,Roger Hoogerheide,(406) 457-5031,hoogerheide.roger@epa.gov,www.epa.gov/superfund/lockwood-solvent,,,Y,20,3,144.217675969999988,Acres,0.038913524442548,0.000067542069644
174,8,Superfund Remedial,MT0007623052,LOCKWOOD SOLVENT GROUND WATER PLUME,Operable Unit,Operable Unit Boundary,2,2,Soco West,,F,N,6/9/2021 0:00:00,,U.S. Environmental Protection Agency (EPA) - Region 8,LOCKWOOD ROAD,,BILLINGS,YELLOWSTONE,MT,59101,Roger Hoogerheide,(406) 457-5031,hoogerheide.roger@epa.gov,www.epa.gov/superfund/lockwood-solvent,,,Y,20,3,241.911919519999998,Acres,0.048249277009813,0.000113308310352
175,8,Superfund Remedial,CO7890010526,ROCKY FLATS PLANT (USDOE),Operable Unit,Operable Unit Boundary,1,1,Central,,F,Y,6/9/2021 0:00:00,6/9/2021 0:00:00,U.S. Environmental Protection Agency (EPA) - Region 8,HWY 93 BETWEEN GOLDEN&BOULDER,,GOLDEN,JEFFERSON,CO,80402,David Connolly,(303) 312-6831,connolly.david@epa.gov,www.epa.gov/superfund/rocky-flats,,,Y,20,3,1307.948668170000019,Acres,0.114637498757393,0.000557380754000
176,8,Superfund Remedial,CO7890010526,ROCKY FLATS PLANT (USDOE),Operable Unit,Operable Unit Boundary,2,1,Peripheral,,F,Y,6/9/2021 0:00:00,6/9/2021 0:00:00,U.S. Environmental Protection Agency (EPA) - Region 8,HWY 93 BETWEEN GOLDEN&BOULDER,,GOLDEN,JEFFERSON,CO,80402,David Connolly,(303) 312-6831,connolly.david@epa.gov,www.epa.gov/superfund/rocky-flats,,,Y,20,3,5230.348253449999902,Acres,0.341031715832335,0.002228919819144
177,8,Superfund Remedial,UTD093119196,PETROCHEM RECYCLING CORP./EKOTEK PLANT,Operable Unit,Operable Unit Boundary,,1,,,D,N,6/24/2021 0:00:00,,U.S. Environmental Protection Agency (EPA) - Region 8,1628 N CHICAGO ST,,SALT LAKE CITY,SALT LAKE,UT,84116,Athena Jones,(303) 312-6497,Jones.Athena@epa.gov,www.epa.gov/superfund/petrochem,,,Y,20,3,6.529019460000000,Acres,0.011052060088364,0.000002819544785
178,8,Superfund Remedial,CON000802700,COLORADO SMELTER,Operable Unit,Operable Unit Boundary,2,5,Undeveloped Areas,,F,N,9/8/2021 0:00:00,5/7/2017 0:00:00,U.S. Environmental Protection Agency (EPA) - Region 8,INTERSTATE 25 AND SANTA FE AVENUE,,PUEBLO,PUEBLO,CO,81006,Sabrina Forrest,(303) 312-6484,forrest.sabrina@epa.gov,www.epa.gov/superfund/colorado-smelter,,,Y,20,3,151.184075629999995,Acres,0.126159493963758,0.000062970622193
179,8,Superfund Remedial,CON000802700,COLORADO SMELTER,Operable Unit,Operable Unit Boundary,2,5,Former Smelter Area,,F,N,9/8/2021 0:00:00,5/7/2017 0:00:00,U.S. Environmental Protection Agency (EPA) - Region 8,INTERSTATE 25 AND SANTA FE AVENUE,,PUEBLO,PUEBLO,CO,81006,Sabrina Forrest,(303) 312-6484,forrest.sabrina@epa.gov,www.epa.gov/superfund/colorado-smelter,,,Y,20,3,49.742195289999998,Acres,0.025615746965157,0.000020717454228
180,8,Superfund Remedial,CON000802700,COLORADO SMELTER,Operable Unit,Operable Unit Boundary,1,6,Community Properties,,F,N,8/29/2022 0:00:00,5/7/2017 0:00:00,U.S. Environmental Protection Agency (EPA) - Region 8,INTERSTATE 25 AND SANTA FE AVENUE,,PUEBLO,PUEBLO,CO,81006,Sabrina Forrest,(303) 312-6484,forrest.sabrina@epa.gov,www.epa.gov/superfund/colorado-smelter,,,Y,20,3,565.607481140000004,Acres,0.181137795386846,0.000235575345017
181,8,Superfund Remedial,CON000802700,COLORADO SMELTER,Operable Unit,Operable Unit Boundary,2,5,River,,F,N,9/8/2021 0:00:00,6/29/2021 0:00:00,U.S. Environmental Protection Agency (EPA) - Region 8,INTERSTATE 25 AND SANTA FE AVENUE,,PUEBLO,PUEBLO,CO,81006,Sabrina Forrest,(303) 312-6484,forrest.sabrina@epa.gov,www.epa.gov/superfund/colorado-smelter,,,Y,20,3,16.702031710000000,Acres,0.032518379386312,0.000006956808590
182,8,Superfund Remedial,MTD980502777,SILVER BOW CREEK/BUTTE AREA,Operable Unit,Operable Unit Boundary,8,1,Butte Priority Soils,,F,N,7/1/2021 0:00:00,7/1/2021 0:00:00,U.S. Environmental Protection Agency (EPA) - Region 8,BUTTE TO MILLTOWN RESERVIOR,,BUTTE,-- Not Defined --,MT,59750,Nikia Greene,(406) 457-5019,Greene.Nikia@epa.gov,www.epa.gov/superfund/silver-bow-butte,,,Y,21,3,4204.084292440000354,Acres,0.341654923601993,0.001976211835317
183,8,Superfund Remedial,MTD980502777,SILVER BOW CREEK/BUTTE AREA,Operable Unit,Operable Unit Boundary,12,1,Warm Springs Inactive Area,,F,N,7/1/2021 0:00:00,7/1/2021 0:00:00,U.S. Environmental Protection Agency (EPA) - Region 8,BUTTE TO MILLTOWN RESERVIOR,,BUTTE,-- Not Defined --,MT,59750,Nikia Greene,(406) 457-5019,Greene.Nikia@epa.gov,www.epa.gov/superfund/silver-bow-butte,,,Y,21,3,479.205870629999993,Acres,0.059756867870763,0.000225944155490
184,8,Superfund Remedial,MTD980502777,SILVER BOW CREEK/BUTTE AREA,Operable Unit,Operable Unit Boundary,4,1,Warm Springs Active Area,,F,N,7/1/2021 0:00:00,7/1/2021 0:00:00,U.S. Environmental Protection Agency (EPA) - Region 8,BUTTE TO MILLTOWN RESERVIOR,,BUTTE,-- Not Defined --,MT,59750,Nikia Greene,(406) 457-5019,Greene.Nikia@epa.gov,www.epa.gov/superfund/silver-bow-butte,,,Y,21,3,2425.887678390000019,Acres,0.215555112368257,0.001143294304458
185,8,Superfund Remedial,MTD980502777,SILVER BOW CREEK/BUTTE AREA,Operable Unit,Operable Unit Boundary,3,1,Butte Mine Flooding,,F,N,7/1/2021 0:00:00,7/1/2021 0:00:00,U.S. Environmental Protection Agency (EPA) - Region 8,BUTTE TO MILLTOWN RESERVIOR,,BUTTE,-- Not Defined --,MT,59750,Nikia Greene,(406) 457-5019,Greene.Nikia@epa.gov,www.epa.gov/superfund/silver-bow-butte,,,Y,21,3,16378.545374670000456,Acres,0.439019355782467,0.007704322479374
186,8,Superfund Remedial,MTD980502777,SILVER BOW CREEK/BUTTE AREA,Operable Unit,Operable Unit Boundary,1,2,Streamside Tailings,,F,N,7/6/2021 0:00:00,7/1/2021 0:00:00,U.S. Environmental Protection Agency (EPA) - Region 8,BUTTE TO MILLTOWN RESERVIOR,,BUTTE,-- Not Defined --,MT,59750,Nikia Greene,(406) 457-5019,Greene.Nikia@epa.gov,www.epa.gov/superfund/silver-bow-butte,,,Y,21,3,3629.721651199999997,Acres,0.939289103805783,0.001707264744353
187,8,Superfund Remedial,MTD980502777,SILVER BOW CREEK/BUTTE AREA,Operable Unit,Operable Unit Boundary,7,2,Rocker,,F,N,7/6/2021 0:00:00,7/1/2021 0:00:00,U.S. Environmental Protection Agency (EPA) - Region 8,BUTTE TO MILLTOWN RESERVIOR,,BUTTE,-- Not Defined --,MT,59750,Nikia Greene,(406) 457-5019,Greene.Nikia@epa.gov,www.epa.gov/superfund/silver-bow-butte,,,Y,21,3,20.170453429999998,Acres,0.019130492768514,0.000009480765543
188,8,Superfund Remedial,COD007431620,CHEMICAL SALES CO.,Operable Unit,Operable Unit Boundary,1,1,Source Control/Removal,,F,N,7/29/2021 0:00:00,7/29/2021 0:00:00,U.S. Environmental Protection Agency (EPA) - Region 8,4661 MONACO ST.,,DENVER,DENVER,CO,80216,Paul Stoick,(303) 312-6908,Stoick.Paul@epa.gov,www.epa.gov/superfund/chemical-sales,,,Y,20,3,425.782259130000000,Acres,0.077562649841740,0.000181169832202
189,8,Superfund Remedial,COD007431620,CHEMICAL SALES CO.,Operable Unit,Operable Unit Boundary,4,1,Well 18,,F,N,7/29/2021 0:00:00,7/29/2021 0:00:00,U.S. Environmental Protection Agency (EPA) - Region 8,4661 MONACO ST.,,DENVER,DENVER,CO,80216,Paul Stoick,(303) 312-6908,Stoick.Paul@epa.gov,www.epa.gov/superfund/chemical-sales,,,Y,20,3,0.538167700000000,Acres,0.002980802584464,0.000000229218490
190,8,Superfund Remedial,COD007431620,CHEMICAL SALES CO.,Operable Unit,Operable Unit Boundary,2,1,Groundwater Plume,,F,N,7/29/2021 0:00:00,7/29/2021 0:00:00,U.S. Environmental Protection Agency (EPA) - Region 8,4661 MONACO ST.,,DENVER,DENVER,CO,80216,Paul Stoick,(303) 312-6908,Stoick.Paul@epa.gov,www.epa.gov/superfund/chemical-sales,,,Y,20,3,3502.247733659999994,Acres,0.213043384640048,0.001491108337570
191,8,Superfund Remedial,UT0002391472,JACOBS SMELTER,Operable Unit,Operable Unit Boundary,6,1,,,F,N,8/25/2021 0:00:00,8/25/2021 0:00:00,U.S. Environmental Protection Agency (EPA) - Region 8,NEAR INTERSECTION OF SMITH & JOHNSON STS,,STOCKTON,TOOELE,UT,84071,Liz Stengl,(303) 312-6905,stengl.liz@epa.gov,www.epa.gov/superfund/jacobs-smelter,,,Y,21,3,92.408220880000002,Acres,0.027853843014295,0.000039685734405
192,8,Superfund Remedial,UT0002391472,JACOBS SMELTER,Operable Unit,Operable Unit Boundary,3,1,,,F,N,8/25/2021 0:00:00,8/25/2021 0:00:00,U.S. Environmental Protection Agency (EPA) - Region 8,NEAR INTERSECTION OF SMITH & JOHNSON STS,,STOCKTON,TOOELE,UT,84071,Liz Stengl,(303) 312-6905,stengl.liz@epa.gov,www.epa.gov/superfund/jacobs-smelter,,,Y,21,3,9.395697100000000,Acres,0.011608779026686,0.000004036631560
193,8,Superfund Remedial,UT0002391472,JACOBS SMELTER,Operable Unit,Operable Unit Boundary,4,1,,,F,N,8/25/2021 0:00:00,8/25/2021 0:00:00,U.S. Environmental Protection Agency (EPA) - Region 8,NEAR INTERSECTION OF SMITH & JOHNSON STS,,STOCKTON,TOOELE,UT,84071,Liz Stengl,(303) 312-6905,stengl.liz@epa.gov,www.epa.gov/superfund/jacobs-smelter,,,Y,21,3,9.088697860000000,Acres,0.009440697285627,0.000003904916048
194,8,Superfund Remedial,UT0002391472,JACOBS SMELTER,Operable Unit,Operable Unit Boundary,1,1,,,F,N,8/25/2021 0:00:00,8/25/2021 0:00:00,U.S. Environmental Protection Agency (EPA) - Region 8,NEAR INTERSECTION OF SMITH & JOHNSON STS,,STOCKTON,TOOELE,UT,84071,Liz Stengl,(303) 312-6905,stengl.liz@epa.gov,www.epa.gov/superfund/jacobs-smelter,,,Y,21,3,159.947144989999998,Acres,0.046851917831041,0.000068715795145
195,8,Superfund Remedial,UT0002391472,JACOBS SMELTER,Operable Unit,Operable Unit Boundary,2,1,,,F,N,8/25/2021 0:00:00,8/25/2021 0:00:00,U.S. Environmental Protection Agency (EPA) - Region 8,NEAR INTERSECTION OF SMITH & JOHNSON STS,,STOCKTON,TOOELE,UT,84071,Liz Stengl,(303) 312-6905,stengl.liz@epa.gov,www.epa.gov/superfund/jacobs-smelter,,,Y,21,3,234.534951879999994,Acres,0.065410286120169,0.000100762657346
196,8,Superfund Remedial,UT0002391472,JACOBS SMELTER,Operable Unit,Operable Unit Boundary,5,1,,,F,N,8/25/2021 0:00:00,8/25/2021 0:00:00,U.S. Environmental Protection Agency (EPA) - Region 8,NEAR INTERSECTION OF SMITH & JOHNSON STS,,STOCKTON,TOOELE,UT,84071,Liz Stengl,(303) 312-6905,stengl.liz@epa.gov,www.epa.gov/superfund/jacobs-smelter,,,Y,21,3,58.181519899999998,Acres,0.042945728270956,0.000025000717637
